-- phpMyAdmin SQL Dump
-- version 5.0.4
-- https://www.phpmyadmin.net/
--
-- Servidor: 127.0.0.1
-- Tiempo de generación: 20-03-2023 a las 16:14:06
-- Versión del servidor: 10.4.16-MariaDB
-- Versión de PHP: 7.4.12

SET SQL_MODE = "NO_AUTO_VALUE_ON_ZERO";
START TRANSACTION;
SET time_zone = "+00:00";


/*!40101 SET @OLD_CHARACTER_SET_CLIENT=@@CHARACTER_SET_CLIENT */;
/*!40101 SET @OLD_CHARACTER_SET_RESULTS=@@CHARACTER_SET_RESULTS */;
/*!40101 SET @OLD_COLLATION_CONNECTION=@@COLLATION_CONNECTION */;
/*!40101 SET NAMES utf8mb4 */;

--
-- Base de datos: `chat`
--

-- --------------------------------------------------------

--
-- Estructura de tabla para la tabla `chat`
--

CREATE TABLE `chat` (
  `chatid` int(11) NOT NULL,
  `sender_userid` int(11) NOT NULL,
  `reciever_userid` int(11) NOT NULL,
  `message` text NOT NULL,
  `timestamp` timestamp NOT NULL DEFAULT current_timestamp(),
  `status` int(1) NOT NULL
) ENGINE=InnoDB DEFAULT CHARSET=latin1;

--
-- Volcado de datos para la tabla `chat`
--

INSERT INTO `chat` (`chatid`, `sender_userid`, `reciever_userid`, `message`, `timestamp`, `status`) VALUES
(10, 19, 18, 'hola', '2023-03-19 18:46:01', 0),
(11, 20, 0, 'dasdasdasd', '2023-03-19 19:24:57', 1),
(12, 20, 18, 'asdas', '2023-03-19 19:36:21', 0),
(13, 20, 18, 'hola', '2023-03-19 19:41:53', 0),
(14, 18, 19, 'te odio', '2023-03-19 19:56:10', 1),
(15, 18, 19, 'sadfdsaf', '2023-03-19 21:37:29', 1),
(16, 18, 19, 'asdfasdf', '2023-03-19 21:37:32', 1),
(17, 18, 19, 'sdafsdf', '2023-03-19 21:37:36', 1),
(18, 18, 19, 'dfdsgdsg.', '2023-03-19 21:38:08', 1),
(19, 18, 19, 'ddfsaf', '2023-03-19 21:38:11', 1);

-- --------------------------------------------------------

--
-- Estructura de tabla para la tabla `chat_login_details`
--

CREATE TABLE `chat_login_details` (
  `id` int(11) NOT NULL,
  `userid` int(11) NOT NULL,
  `last_activity` timestamp NOT NULL DEFAULT current_timestamp(),
  `is_typing` enum('no','yes') NOT NULL
) ENGINE=InnoDB DEFAULT CHARSET=latin1;

--
-- Volcado de datos para la tabla `chat_login_details`
--

INSERT INTO `chat_login_details` (`id`, `userid`, `last_activity`, `is_typing`) VALUES
(17, 18, '2023-03-19 18:28:48', 'no'),
(18, 18, '2023-03-19 18:38:18', 'yes'),
(19, 19, '2023-03-19 18:45:52', 'no'),
(20, 20, '2023-03-19 19:23:13', 'no'),
(21, 18, '2023-03-19 19:41:34', 'yes'),
(22, 18, '2023-03-19 19:56:36', 'no'),
(23, 18, '2023-03-19 20:05:02', 'no');

-- --------------------------------------------------------

--
-- Estructura de tabla para la tabla `chat_users`
--

CREATE TABLE `chat_users` (
  `userid` int(11) NOT NULL,
  `username` varchar(255) NOT NULL,
  `password` varchar(255) NOT NULL,
  `avatar` longblob NOT NULL,
  `current_session` int(11) NOT NULL,
  `online` int(11) NOT NULL,
  `celular` bigint(10) NOT NULL,
  `fecha_nacimiento` date NOT NULL,
  `email` varchar(50) NOT NULL,
  `fecha_registro` date NOT NULL,
  `pregunta_1` varchar(255) NOT NULL,
  `pregunta_2` varchar(255) NOT NULL,
  `pregunta_3` varchar(255) NOT NULL
) ENGINE=InnoDB DEFAULT CHARSET=latin1;

--
-- Volcado de datos para la tabla `chat_users`
--

INSERT INTO `chat_users` (`userid`, `username`, `password`, `avatar`, `current_session`, `online`, `celular`, `fecha_nacimiento`, `email`, `fecha_registro`, `pregunta_1`, `pregunta_2`, `pregunta_3`) VALUES
(18, 'Yelsin Silva', '$2y$10$AgDkT50G.JG71RgeZNiW9.3G0.dJCvajVBVpxOtgLkrbFrDSMge/i', 0xffd8ffe000104a46494600010201004800480000ffe10ec44578696600004d4d002a000000080007011200030000000100010000011a00050000000100000062011b0005000000010000006a01280003000000010002000001310002000000140000007201320002000000140000008687690004000000010000009c000000c80000004800000001000000480000000141646f62652050686f746f73686f7020372e3000323031383a31323a30312032303a34353a35370000000003a001000300000001ffff0000a0020004000000010000009ba003000400000001000000a20000000000000006010300030000000100060000011a00050000000100000116011b0005000000010000011e012800030000000100020000020100040000000100000126020200040000000100000d960000000000000048000000010000004800000001ffd8ffe000104a46494600010201004800480000ffed000c41646f62655f434d0002ffee000e41646f626500648000000001ffdb0084000c08080809080c09090c110b0a0b11150f0c0c0f1518131315131318110c0c0c0c0c0c110c0c0c0c0c0c0c0c0c0c0c0c0c0c0c0c0c0c0c0c0c0c0c0c0c0c0c0c010d0b0b0d0e0d100e0e10140e0e0e14140e0e0e0e14110c0c0c0c0c11110c0c0c0c0c0c110c0c0c0c0c0c0c0c0c0c0c0c0c0c0c0c0c0c0c0c0c0c0c0c0c0c0c0cffc00011080080007a03012200021101031101ffdd00040008ffc4013f0000010501010101010100000000000000030001020405060708090a0b0100010501010101010100000000000000010002030405060708090a0b1000010401030204020507060805030c33010002110304211231054151611322718132061491a1b14223241552c16233347282d14307259253f0e1f163733516a2b283264493546445c2a3743617d255e265f2b384c3d375e3f3462794a485b495c4d4e4f4a5b5c5d5e5f55666768696a6b6c6d6e6f637475767778797a7b7c7d7e7f711000202010204040304050607070605350100021103213112044151617122130532819114a1b14223c152d1f0332462e1728292435315637334f1250616a2b283072635c2d2449354a317644555367465e2f2b384c3d375e3f34694a485b495c4d4e4f4a5b5c5d5e5f55666768696a6b6c6d6e6f62737475767778797a7b7c7ffda000c03010002110311003f00edbd5bbfd23ffce3fde97ab77fa47ff9cefef504959a1d9cfb3dcfdacfd5bbfd23ff00ce77f7a5eaddfe91ff00e73bfbd4124a876559ee59fab77fa47ff9cefef4bd5bbfd23ffce3fdea2039c61a24f60352b3fa87d60e85d3096e7e7d34d8dd0d21dea5a3e3463fab637fb6969e091c476b2e97ab77fa47ff009cefef4deb5bfe91ff00e71fef5c4f57ff0019786ca8d7d1287dd9131ebe533654d1fbcca5aff56e7ffc67a55ffc62e6ff00e7d7d70ddbbf69ba7f77d1a36ffdb7e8ed434ecc91c3908debccbeb7eb5dfe91ff00e71fef4bd6bbfd23ff00ce77f7af36e97fe327aad3681d5aa666e39fa6fa58da6f6ff299e9edc7bbfe2ecad9ff001abbfc0cec4ea588dcdc0b464633ff003dbcb48e59757f4e9b1bfb9623a765b384e3bdd77b6d7ad77fa47ff9c7fbd2f56eff0048ff00f38ff7a824950ecb2cf72cfd5bbfd23ffce77f7a5eaddfe91ffe71fef50492a1d9567b967eaddfe91ffe73bfbd47d5bbfd23f9fde29947fbd1a1d82acf73f6bfffd0ecd2492569ce5249245253c37f8c5fac1757633a16258eac160bb3dec710e21ffd1f17737e8d7e9fe9eeff0049be95c106b5a21a001e0042e83ebe536d5f5b33dd60205fe95d513f9d5babad8ddbfd4757656aefd47fa90ffac167dbf3b755d22971690d3b5f90f6fd2a6a77f83c767fda8c8ffac63fbf7db53090352dec400846bb5fdae5fd5afaadd4beb265fa389fa2c6acc6466bc4d75ff25bc7ad91fb98ff00f6e7a6c563ebafd57ff9b7d51b4d05efe9f94c0fc4b6c3b9d2d01b914dae0d67e96bb3f49ed6ff00336d6bda31313170b1abc5c3a598f8f508aeaadbb5ad1c9f68fde77b9ea8fd63e838bf583a55bd3b20ec2e22cc7b809355cd07d2b837f3be96cb59fe12a51fb86fc17be0a8b8997978390dcac2bacc6c86f16d4e2d747eeba3f9c67f22cf622f54e979fd2339fd3fa8d469c867035daf6f6bb1de7f9da5eaaa974287d63ea7fd627f5ee9b63f2435b9d88f15e4ec1b5af0e05d4e436bff0007ea6d7b2cafe87aacfd1ffa35babcf7fc58e5e3579f9d86e2f19593531f501ad6594973addf1f42dfd27e8deffd1ecfd1ff003abd0910d3cb1e19900292492458d4a3fdea4a3fde929fffd1ecd2492569ce524924929e3bfc6674d16f4fc5ea8c1efc3b3ecf7103fc15deeadce3ff000592cdbffa12ae7d41facdd3713ead6374e6b32b2f3a87daebf1f131adbdcc6d96d8fa9f63eb6fa2cdecff00845d364748c5eb1d2b33072be86530d3ba2761d1ecb9adfdfaadf4ec67f5153fab1d2f1feaf753cde898e48a6cc7c6cca0ba7758407e1e7dae267f49eb558f6ddb3d95fda6b50e42350ddc37c02ff906d1fad38b534d99583d4b169682e7dd661dae6b401b8b9ff67f5dcc6a09fafdf535b5faa7aad3b62600b0bbfeda15fa8b76cbeac7adf7dcf15d34b4d96d8e30d6b1a37bdef3f9ad6b42e0f1feaaf4ec1e99d3feb33f13d0cca735bd4b2e7792cc4b6e7bfd37630fd1d5f60c6ba8cab3f47fa1fb35a982bab23bbd4ba9749eab8cec5cce8bd433f14f1bf06c0069fce53ebfa37d6eff0084abdebcc7eb4748e87d39dea74dc8caaac719774bea18f6557b18777e9aabec6319755bbf37f9cff845ede1c080e0edc0890e1a823f79a5733d73a4617d66ebaee999beec5e9f812fb2bdbea57765dd5bebd8e707fa76fd9ba7bff37f99bffe1118ca8a9ccfa8dd2723a5f4506db2ab2bea0dab31818c2db1a6c66e7537db3fa7ad9fa3f47f73f4cba15632b1a8c76d4da182aac37d36d6c10d6b581adac31bf9bb59ed55d4d1362da396f8cda924924e58a51fef5251fef494ff00ffd2ecd2492569ce524924929b1877b6b796bcc31fdcf008f1feb2967f4ec0eaad6ee7b9b7e1bdc2ac9c6b365f4585a3d4636dafe86fadccf571eddf55dfa3f56b557c979f75febfd6beacfd74cfc8e9ef68ab3194dcec7b9a5d4d81d5319b9d5b5d5bb7b2dadffa5adea39c2cd86cf2f33f21e9a87d0c7d5cc6b2d659d432f2faa36b21d5d397634d21cd3b9b63b171aac6a2f7b3f33ed0cb762d683c91cf24af1f77f8c1faf7d52dfb3e0380b5c09f4707183ec207d2737d4fb4d9ed410dff0019edb3ed7b7acfa8749fd21f97d9fe86dffad26701ea5b0fa7b7eadd14ee6f4fcecee9d43a4fd971ad69a5b2773becf565d593f6566bfcd637a5533f318ae61e260f4ca9b8d53b69bde5c5f7585f6dd6eddd6596dd71f52fbbd1a7feb7455ecfd156bca9bfe317ebc74eb5d8d9ee63efae03e9cdc60cb1b237b77b6afb33fdcc737e92b7f55fac755facbf5c599fd4ac0efb0e2defaa8ac6da6a0fd98d14d64bfdd6beefd258e7fab67fc5d69081ea894b8624f60fa265dc2eb7d8658c10d3e27f39c80924a602853465232249eaa4924915aa51fef5251fef494fffd3ecd2492569ce524a375b55157ad916328abfd25ae0c6ff009cfdab2327eb7f40a2432eb329c3b63d648ffb76df46b4934ecae5febc7d58c8eb34d39bd3da2ccfc469add4c80eb6927d4db56ef6faf459b9f5d7fe16bb2cff00088791f5edfa8c4c003c1d91613ff81e386ffe7d549bf5cbae0cba6fb1d5ba9a9e1cfc4ad82b6d8de1f5bac77a96fd1fa1fa4fe71220d2e8131903b3c4d776674fccdd5596e0e6d04b65a5d55cc246d7b7f36c67b7daf577fe73fd689ddfb633a7fe3df1f77d15eb15647d5bfacd5377b31f3cb469465319f68aff0091b2cfd3b3feb4ff0049047f8bff00aa82cf507466eef02ebcb7fedb36ec51198fd21ab74107506df20df99d47335376767641d47baebac74796eb1fed6af4dfa97f56afe85877599a037a86616fab5821c2aad93e951b9bed75ae7bfd5bb67fc1b16e596f40fabb438018dd358e1ad3431adb5f1f9a29a7f58bddfd75c7647d73eb0fceb72719cdab19e47a589731b606b5a36377386d7fad67d3b7d3b7e9a740991da8062cf2f4d03a92f6e92e4b1febdda3fa5e0b5de2ec7b0b4ffdb77fa9ff009f569e37d70e837c0b2cb711dff0f59dbff6ed06e6a7d3569da49431efa32abf5b16d66455ddf5383c0feb6c3edfed29a48528ff007a928ff7a4a7ffd4ecd637d62fac2de92c6d18ed1667da3735afd59530e9ebdcdfcf73ff00c051f9ff00ce59fa35b4ddb2371868d5c7c00d5c7fcd5e5f999b6750ccbf3ecfa594f3601e0dfa34b3feb7486315a01cf0c322fbf2ef391976bf22f3fe12d3b88fea7e6d6dfe4d6a09249c952492492967318f8ded0e8e244c251a46e74786e77fe493a492966d6c64ec68693c90353f14e9249294924924a654d96e3dc3231ec7d17b78baa258eff39bf4bfaabb6fab9f590f5377d8b3435b9ed69731ed1b59735bf4e19fe0f258df7d95b7d96ff3957ee2e1d4abbaea2c66450edb750e16d4e1d9cd3b9bff009924429f534dfdea34df5e4d15655422bc8636d60f00f01fb7fb32a5ff00924d5aff00ffd5ea3ac5a69e8dd42d6f2dc6b76fc5cdf4ff00efebcd40881d868bd0feb2923eaf750ff8a03efb2b5e7aad8680592492454a4924925292493a4a592492494a492492529384c924a7d03eaad86cfabb85264d62ca8ffd6edb1adffa1b16a7fe49637d4d33d0183f7723207fd30fff00bf2d8ffc926f5faa3abfffd6e83eb47fe27b3ffa8cff00cf95af3d5ea1d77a2753cce8f978b8f5b5d75ad68ada5e1a090f63fe97f55ab8eff987f5affee255ff006fb7fb95a138f70d218e7fba5c0496ff00fcc3fad7ff00712aff00b7dbfdc97fcc3fad7ff712affb7dbfdc8f1c7f7827db9fee970125bfff0030feb5ff00dc4abfedf6ff00725ff30feb5ffdc4abfedf6ff725c71fde0af6e7fba5c0496fff00cc3fad7ff712affb7dbfdc97fcc3fad7ff00712aff00b7dbfdc971c7f782bdb9fee970532dff00f987f5affee255ff006fb7fb92ff00987f5aff00ee255ff6fb7fb92e38fef057b73fdd2e024b7ffe61fd6bff00b8957fdbedfee4bfe61fd6bffb8957fdbedfee4b8e3fbc15edcff74b8092dfff00987f5aff00ee255ff6fb7fb92ff987f5affee255ff006fb3fb90e38fef057b73fdd2ecfd4a3fe433e5956fe4a96dff007aa9f567eaff0056e9fd2becf97535971becb0b43c386d76c0cf737fa8b53f67667ee0e67e90438e37b85bedcefe53f63fffd9ffed137050686f746f73686f7020332e30003842494d0425000000000010000000000000000000000000000000003842494d03ed000000000010004800000001000100480000000100013842494d042600000000000e000000000000000000003f8000003842494d040d0000000000040000001e3842494d04190000000000040000001e3842494d03f3000000000009000000000000000001003842494d040a00000000000100003842494d271000000000000a000100000000000000013842494d03f5000000000048002f66660001006c66660006000000000001002f6666000100a1999a0006000000000001003200000001005a00000006000000000001003500000001002d000000060000000000013842494d03f80000000000700000ffffffffffffffffffffffffffffffffffffffffffff03e800000000ffffffffffffffffffffffffffffffffffffffffffff03e800000000ffffffffffffffffffffffffffffffffffffffffffff03e800000000ffffffffffffffffffffffffffffffffffffffffffff03e800003842494d0408000000000010000000010000024000000240000000003842494d041e000000000004000000003842494d041a000000000359000000060000000000000000000000a20000009b000000120069006c006c00750073007400720061007400650064002d00700065006f0070006c006500000001000000000000000000000000000000000000000100000000000000000000009b000000a200000000000000000000000000000000010000000000000000000000000000000000000010000000010000000000006e756c6c0000000200000006626f756e64734f626a6300000001000000000000526374310000000400000000546f70206c6f6e6700000000000000004c6566746c6f6e67000000000000000042746f6d6c6f6e67000000a200000000526768746c6f6e670000009b00000006736c69636573566c4c73000000014f626a6300000001000000000005736c6963650000001200000007736c69636549446c6f6e67000000000000000767726f757049446c6f6e6700000000000000066f726967696e656e756d0000000c45536c6963654f726967696e0000000d6175746f47656e6572617465640000000054797065656e756d0000000a45536c6963655479706500000000496d672000000006626f756e64734f626a6300000001000000000000526374310000000400000000546f70206c6f6e6700000000000000004c6566746c6f6e67000000000000000042746f6d6c6f6e67000000a200000000526768746c6f6e670000009b0000000375726c54455854000000010000000000006e756c6c54455854000000010000000000004d7367655445585400000001000000000006616c74546167544558540000000100000000000e63656c6c54657874497348544d4c626f6f6c010000000863656c6c546578745445585400000001000000000009686f727a416c69676e656e756d0000000f45536c696365486f727a416c69676e0000000764656661756c740000000976657274416c69676e656e756d0000000f45536c69636556657274416c69676e0000000764656661756c740000000b6267436f6c6f7254797065656e756d0000001145536c6963654247436f6c6f7254797065000000004e6f6e6500000009746f704f75747365746c6f6e67000000000000000a6c6566744f75747365746c6f6e67000000000000000c626f74746f6d4f75747365746c6f6e67000000000000000b72696768744f75747365746c6f6e6700000000003842494d041100000000000101003842494d0414000000000004000000013842494d040c000000000db2000000010000007a00000080000001700000b80000000d9600180001ffd8ffe000104a46494600010201004800480000ffed000c41646f62655f434d0002ffee000e41646f626500648000000001ffdb0084000c08080809080c09090c110b0a0b11150f0c0c0f1518131315131318110c0c0c0c0c0c110c0c0c0c0c0c0c0c0c0c0c0c0c0c0c0c0c0c0c0c0c0c0c0c0c0c0c0c010d0b0b0d0e0d100e0e10140e0e0e14140e0e0e0e14110c0c0c0c0c11110c0c0c0c0c0c110c0c0c0c0c0c0c0c0c0c0c0c0c0c0c0c0c0c0c0c0c0c0c0c0c0c0c0cffc00011080080007a03012200021101031101ffdd00040008ffc4013f0000010501010101010100000000000000030001020405060708090a0b0100010501010101010100000000000000010002030405060708090a0b1000010401030204020507060805030c33010002110304211231054151611322718132061491a1b14223241552c16233347282d14307259253f0e1f163733516a2b283264493546445c2a3743617d255e265f2b384c3d375e3f3462794a485b495c4d4e4f4a5b5c5d5e5f55666768696a6b6c6d6e6f637475767778797a7b7c7d7e7f711000202010204040304050607070605350100021103213112044151617122130532819114a1b14223c152d1f0332462e1728292435315637334f1250616a2b283072635c2d2449354a317644555367465e2f2b384c3d375e3f34694a485b495c4d4e4f4a5b5c5d5e5f55666768696a6b6c6d6e6f62737475767778797a7b7c7ffda000c03010002110311003f00edbd5bbfd23ffce3fde97ab77fa47ff9cefef504959a1d9cfb3dcfdacfd5bbfd23ff00ce77f7a5eaddfe91ff00e73bfbd4124a876559ee59fab77fa47ff9cefef4bd5bbfd23ffce3fdea2039c61a24f60352b3fa87d60e85d3096e7e7d34d8dd0d21dea5a3e3463fab637fb6969e091c476b2e97ab77fa47ff009cefef4deb5bfe91ff00e71fef5c4f57ff0019786ca8d7d1287dd9131ebe533654d1fbcca5aff56e7ffc67a55ffc62e6ff00e7d7d70ddbbf69ba7f77d1a36ffdb7e8ed434ecc91c3908debccbeb7eb5dfe91ff00e71fef4bd6bbfd23ff00ce77f7af36e97fe327aad3681d5aa666e39fa6fa58da6f6ff299e9edc7bbfe2ecad9ff001abbfc0cec4ea588dcdc0b464633ff003dbcb48e59757f4e9b1bfb9623a765b384e3bdd77b6d7ad77fa47ff9c7fbd2f56eff0048ff00f38ff7a824950ecb2cf72cfd5bbfd23ffce77f7a5eaddfe91ffe71fef50492a1d9567b967eaddfe91ffe73bfbd47d5bbfd23f9fde29947fbd1a1d82acf73f6bfffd0ecd2492569ce5249245253c37f8c5fac1757633a16258eac160bb3dec710e21ffd1f17737e8d7e9fe9eeff0049be95c106b5a21a001e0042e83ebe536d5f5b33dd60205fe95d513f9d5babad8ddbfd4757656aefd47fa90ffac167dbf3b755d22971690d3b5f90f6fd2a6a77f83c767fda8c8ffac63fbf7db53090352dec400846bb5fdae5fd5afaadd4beb265fa389fa2c6acc6466bc4d75ff25bc7ad91fb98ff00f6e7a6c563ebafd57ff9b7d51b4d05efe9f94c0fc4b6c3b9d2d01b914dae0d67e96bb3f49ed6ff00336d6bda31313170b1abc5c3a598f8f508aeaadbb5ad1c9f68fde77b9ea8fd63e838bf583a55bd3b20ec2e22cc7b809355cd07d2b837f3be96cb59fe12a51fb86fc17be0a8b8997978390dcac2bacc6c86f16d4e2d747eeba3f9c67f22cf622f54e979fd2339fd3fa8d469c867035daf6f6bb1de7f9da5eaaa974287d63ea7fd627f5ee9b63f2435b9d88f15e4ec1b5af0e05d4e436bff0007ea6d7b2cafe87aacfd1ffa35babcf7fc58e5e3579f9d86e2f19593531f501ad6594973addf1f42dfd27e8deffd1ecfd1ff003abd0910d3cb1e19900292492458d4a3fdea4a3fde929fffd1ecd2492569ce524924929e3bfc6674d16f4fc5ea8c1efc3b3ecf7103fc15deeadce3ff000592cdbffa12ae7d41facdd3713ead6374e6b32b2f3a87daebf1f131adbdcc6d96d8fa9f63eb6fa2cdecff00845d364748c5eb1d2b33072be86530d3ba2761d1ecb9adfdfaadf4ec67f5153fab1d2f1feaf753cde898e48a6cc7c6cca0ba7758407e1e7dae267f49eb558f6ddb3d95fda6b50e42350ddc37c02ff906d1fad38b534d99583d4b169682e7dd661dae6b401b8b9ff67f5dcc6a09fafdf535b5faa7aad3b62600b0bbfeda15fa8b76cbeac7adf7dcf15d34b4d96d8e30d6b1a37bdef3f9ad6b42e0f1feaaf4ec1e99d3feb33f13d0cca735bd4b2e7792cc4b6e7bfd37630fd1d5f60c6ba8cab3f47fa1fb35a982bab23bbd4ba9749eab8cec5cce8bd433f14f1bf06c0069fce53ebfa37d6eff0084abdebcc7eb4748e87d39dea74dc8caaac719774bea18f6557b18777e9aabec6319755bbf37f9cff845ede1c080e0edc0890e1a823f79a5733d73a4617d66ebaee999beec5e9f812fb2bdbea57765dd5bebd8e707fa76fd9ba7bff37f99bffe1118ca8a9ccfa8dd2723a5f4506db2ab2bea0dab31818c2db1a6c66e7537db3fa7ad9fa3f47f73f4cba15632b1a8c76d4da182aac37d36d6c10d6b581adac31bf9bb59ed55d4d1362da396f8cda924924e58a51fef5251fef494ff00ffd2ecd2492569ce524924929b1877b6b796bcc31fdcf008f1feb2967f4ec0eaad6ee7b9b7e1bdc2ac9c6b365f4585a3d4636dafe86fadccf571eddf55dfa3f56b557c979f75febfd6beacfd74cfc8e9ef68ab3194dcec7b9a5d4d81d5319b9d5b5d5bb7b2dadffa5adea39c2cd86cf2f33f21e9a87d0c7d5cc6b2d659d432f2faa36b21d5d397634d21cd3b9b63b171aac6a2f7b3f33ed0cb762d683c91cf24af1f77f8c1faf7d52dfb3e0380b5c09f4707183ec207d2737d4fb4d9ed410dff0019edb3ed7b7acfa8749fd21f97d9fe86dffad26701ea5b0fa7b7eadd14ee6f4fcecee9d43a4fd971ad69a5b2773becf565d593f6566bfcd637a5533f318ae61e260f4ca9b8d53b69bde5c5f7585f6dd6eddd6596dd71f52fbbd1a7feb7455ecfd156bca9bfe317ebc74eb5d8d9ee63efae03e9cdc60cb1b237b77b6afb33fdcc737e92b7f55fac755facbf5c599fd4ac0efb0e2defaa8ac6da6a0fd98d14d64bfdd6beefd258e7fab67fc5d69081ea894b8624f60fa265dc2eb7d8658c10d3e27f39c80924a602853465232249eaa4924915aa51fef5251fef494fffd3ecd2492569ce524a375b55157ad916328abfd25ae0c6ff009cfdab2327eb7f40a2432eb329c3b63d648ffb76df46b4934ecae5febc7d58c8eb34d39bd3da2ccfc469add4c80eb6927d4db56ef6faf459b9f5d7fe16bb2cff00088791f5edfa8c4c003c1d91613ff81e386ffe7d549bf5cbae0cba6fb1d5ba9a9e1cfc4ad82b6d8de1f5bac77a96fd1fa1fa4fe71220d2e8131903b3c4d776674fccdd5596e0e6d04b65a5d55cc246d7b7f36c67b7daf577fe73fd689ddfb633a7fe3df1f77d15eb15647d5bfacd5377b31f3cb469465319f68aff0091b2cfd3b3feb4ff0049047f8bff00aa82cf507466eef02ebcb7fedb36ec51198fd21ab74107506df20df99d47335376767641d47baebac74796eb1fed6af4dfa97f56afe85877599a037a86616fab5821c2aad93e951b9bed75ae7bfd5bb67fc1b16e596f40fabb438018dd358e1ad3431adb5f1f9a29a7f58bddfd75c7647d73eb0fceb72719cdab19e47a589731b606b5a36377386d7fad67d3b7d3b7e9a740991da8062cf2f4d03a92f6e92e4b1febdda3fa5e0b5de2ec7b0b4ffdb77fa9ff009f569e37d70e837c0b2cb711dff0f59dbff6ed06e6a7d3569da49431efa32abf5b16d66455ddf5383c0feb6c3edfed29a48528ff007a928ff7a4a7ffd4ecd637d62fac2de92c6d18ed1667da3735afd59530e9ebdcdfcf73ff00c051f9ff00ce59fa35b4ddb2371868d5c7c00d5c7fcd5e5f999b6750ccbf3ecfa594f3601e0dfa34b3feb7486315a01cf0c322fbf2ef391976bf22f3fe12d3b88fea7e6d6dfe4d6a09249c952492492967318f8ded0e8e244c251a46e74786e77fe493a492966d6c64ec68693c90353f14e9249294924924a654d96e3dc3231ec7d17b78baa258eff39bf4bfaabb6fab9f590f5377d8b3435b9ed69731ed1b59735bf4e19fe0f258df7d95b7d96ff3957ee2e1d4abbaea2c66450edb750e16d4e1d9cd3b9bff009924429f534dfdea34df5e4d15655422bc8636d60f00f01fb7fb32a5ff00924d5aff00ffd5ea3ac5a69e8dd42d6f2dc6b76fc5cdf4ff00efebcd40881d868bd0feb2923eaf750ff8a03efb2b5e7aad8680592492454a4924925292493a4a592492494a492492529384c924a7d03eaad86cfabb85264d62ca8ffd6edb1adffa1b16a7fe49637d4d33d0183f7723207fd30fff00bf2d8ffc926f5faa3abfffd6e83eb47fe27b3ffa8cff00cf95af3d5ea1d77a2753cce8f978b8f5b5d75ad68ada5e1a090f63fe97f55ab8eff987f5affee255ff006fb7fb95a138f70d218e7fba5c0496ff00fcc3fad7ff00712aff00b7dbfdc97fcc3fad7ff712affb7dbfdc8f1c7f7827db9fee970125bfff0030feb5ff00dc4abfedf6ff00725ff30feb5ffdc4abfedf6ff725c71fde0af6e7fba5c0496fff00cc3fad7ff712affb7dbfdc97fcc3fad7ff00712aff00b7dbfdc971c7f782bdb9fee970532dff00f987f5affee255ff006fb7fb92ff00987f5aff00ee255ff6fb7fb92e38fef057b73fdd2e024b7ffe61fd6bff00b8957fdbedfee4bfe61fd6bffb8957fdbedfee4b8e3fbc15edcff74b8092dfff00987f5aff00ee255ff6fb7fb92ff987f5affee255ff006fb3fb90e38fef057b73fdd2ecfd4a3fe433e5956fe4a96dff007aa9f567eaff0056e9fd2becf97535971becb0b43c386d76c0cf737fa8b53f67667ee0e67e90438e37b85bedcefe53f63fffd93842494d042100000000005500000001010000000f00410064006f00620065002000500068006f0074006f00730068006f00700000001300410064006f00620065002000500068006f0074006f00730068006f007000200037002e003000000001003842494d04060000000000070001000000010100ffe11248687474703a2f2f6e732e61646f62652e636f6d2f7861702f312e302f003c3f787061636b657420626567696e3d27efbbbf272069643d2757354d304d7043656869487a7265537a4e54637a6b633964273f3e0a3c3f61646f62652d7861702d66696c74657273206573633d224352223f3e0a3c783a7861706d65746120786d6c6e733a783d2761646f62653a6e733a6d6574612f2720783a786170746b3d27584d5020746f6f6c6b697420322e382e322d33332c206672616d65776f726b20312e35273e0a3c7264663a52444620786d6c6e733a7264663d27687474703a2f2f7777772e77332e6f72672f313939392f30322f32322d7264662d73796e7461782d6e73232720786d6c6e733a69583d27687474703a2f2f6e732e61646f62652e636f6d2f69582f312e302f273e0a0a203c7264663a4465736372697074696f6e2061626f75743d27757569643a65313864343464642d663537622d313165382d623035622d383763346331353864653765270a2020786d6c6e733a7861704d4d3d27687474703a2f2f6e732e61646f62652e636f6d2f7861702f312e302f6d6d2f273e0a20203c7861704d4d3a446f63756d656e7449443e61646f62653a646f6369643a70686f746f73686f703a65313864343464622d663537622d313165382d623035622d3837633463313538646537653c2f7861704d4d3a446f63756d656e7449443e0a203c2f7264663a4465736372697074696f6e3e0a0a3c2f7264663a5244463e0a3c2f783a7861706d6574613e0a202020202020202020202020202020202020202020202020202020202020202020202020202020202020202020202020202020202020202020202020202020202020202020202020202020202020202020202020202020202020202020202020202020200a202020202020202020202020202020202020202020202020202020202020202020202020202020202020202020202020202020202020202020202020202020202020202020202020202020202020202020202020202020202020202020202020202020200a202020202020202020202020202020202020202020202020202020202020202020202020202020202020202020202020202020202020202020202020202020202020202020202020202020202020202020202020202020202020202020202020202020200a202020202020202020202020202020202020202020202020202020202020202020202020202020202020202020202020202020202020202020202020202020202020202020202020202020202020202020202020202020202020202020202020202020200a202020202020202020202020202020202020202020202020202020202020202020202020202020202020202020202020202020202020202020202020202020202020202020202020202020202020202020202020202020202020202020202020202020200a202020202020202020202020202020202020202020202020202020202020202020202020202020202020202020202020202020202020202020202020202020202020202020202020202020202020202020202020202020202020202020202020202020200a202020202020202020202020202020202020202020202020202020202020202020202020202020202020202020202020202020202020202020202020202020202020202020202020202020202020202020202020202020202020202020202020202020200a202020202020202020202020202020202020202020202020202020202020202020202020202020202020202020202020202020202020202020202020202020202020202020202020202020202020202020202020202020202020202020202020202020200a202020202020202020202020202020202020202020202020202020202020202020202020202020202020202020202020202020202020202020202020202020202020202020202020202020202020202020202020202020202020202020202020202020200a202020202020202020202020202020202020202020202020202020202020202020202020202020202020202020202020202020202020202020202020202020202020202020202020202020202020202020202020202020202020202020202020202020200a202020202020202020202020202020202020202020202020202020202020202020202020202020202020202020202020202020202020202020202020202020202020202020202020202020202020202020202020202020202020202020202020202020200a202020202020202020202020202020202020202020202020202020202020202020202020202020202020202020202020202020202020202020202020202020202020202020202020202020202020202020202020202020202020202020202020202020200a202020202020202020202020202020202020202020202020202020202020202020202020202020202020202020202020202020202020202020202020202020202020202020202020202020202020202020202020202020202020202020202020202020200a202020202020202020202020202020202020202020202020202020202020202020202020202020202020202020202020202020202020202020202020202020202020202020202020202020202020202020202020202020202020202020202020202020200a202020202020202020202020202020202020202020202020202020202020202020202020202020202020202020202020202020202020202020202020202020202020202020202020202020202020202020202020202020202020202020202020202020200a202020202020202020202020202020202020202020202020202020202020202020202020202020202020202020202020202020202020202020202020202020202020202020202020202020202020202020202020202020202020202020202020202020200a202020202020202020202020202020202020202020202020202020202020202020202020202020202020202020202020202020202020202020202020202020202020202020202020202020202020202020202020202020202020202020202020202020200a202020202020202020202020202020202020202020202020202020202020202020202020202020202020202020202020202020202020202020202020202020202020202020202020202020202020202020202020202020202020202020202020202020200a202020202020202020202020202020202020202020202020202020202020202020202020202020202020202020202020202020202020202020202020202020202020202020202020202020202020202020202020202020202020202020202020202020200a202020202020202020202020202020202020202020202020202020202020202020202020202020202020202020202020202020202020202020202020202020202020202020202020202020202020202020202020202020202020202020202020202020200a202020202020202020202020202020202020202020202020202020202020202020202020202020202020202020202020202020202020202020202020202020202020202020202020202020202020202020202020202020202020202020202020202020200a202020202020202020202020202020202020202020202020202020202020202020202020202020202020202020202020202020202020202020202020202020202020202020202020202020202020202020202020202020202020202020202020202020200a202020202020202020202020202020202020202020202020202020202020202020202020202020202020202020202020202020202020202020202020202020202020202020202020202020202020202020202020202020202020202020202020202020200a202020202020202020202020202020202020202020202020202020202020202020202020202020202020202020202020202020202020202020202020202020202020202020202020202020202020202020202020202020202020202020202020202020200a202020202020202020202020202020202020202020202020202020202020202020202020202020202020202020202020202020202020202020202020202020202020202020202020202020202020202020202020202020202020202020202020202020200a202020202020202020202020202020202020202020202020202020202020202020202020202020202020202020202020202020202020202020202020202020202020202020202020202020202020202020202020202020202020202020202020202020200a202020202020202020202020202020202020202020202020202020202020202020202020202020202020202020202020202020202020202020202020202020202020202020202020202020202020202020202020202020202020202020202020202020200a202020202020202020202020202020202020202020202020202020202020202020202020202020202020202020202020202020202020202020202020202020202020202020202020202020202020202020202020202020202020202020202020202020200a202020202020202020202020202020202020202020202020202020202020202020202020202020202020202020202020202020202020202020202020202020202020202020202020202020202020202020202020202020202020202020202020202020200a202020202020202020202020202020202020202020202020202020202020202020202020202020202020202020202020202020202020202020202020202020202020202020202020202020202020202020202020202020202020202020202020202020200a202020202020202020202020202020202020202020202020202020202020202020202020202020202020202020202020202020202020202020202020202020202020202020202020202020202020202020202020202020202020202020202020202020200a202020202020202020202020202020202020202020202020202020202020202020202020202020202020202020202020202020202020202020202020202020202020202020202020202020202020202020202020202020202020202020202020202020200a202020202020202020202020202020202020202020202020202020202020202020202020202020202020202020202020202020202020202020202020202020202020202020202020202020202020202020202020202020202020202020202020202020200a202020202020202020202020202020202020202020202020202020202020202020202020202020202020202020202020202020202020202020202020202020202020202020202020202020202020202020202020202020202020202020202020202020200a202020202020202020202020202020202020202020202020202020202020202020202020202020202020202020202020202020202020202020202020202020202020202020202020202020202020202020202020202020202020202020202020202020200a202020202020202020202020202020202020202020202020202020202020202020202020202020202020202020202020202020202020202020202020202020202020202020202020202020202020202020202020202020202020202020202020202020200a202020202020202020202020202020202020202020202020202020202020202020202020202020202020202020202020202020202020202020202020202020202020202020202020202020202020202020202020202020202020202020202020202020200a202020202020202020202020202020202020202020202020202020202020202020202020202020202020202020202020202020202020202020202020202020202020202020202020202020202020202020202020202020202020202020202020202020200a202020202020202020202020202020202020202020202020202020202020202020202020202020202020202020202020202020202020202020202020202020202020202020202020202020202020202020202020202020202020202020202020202020200a202020202020202020202020202020202020202020202020202020202020202020202020202020202020202020202020202020202020202020202020202020202020202020202020202020202020202020202020202020202020202020202020202020200a202020202020202020202020202020202020202020202020202020202020202020202020202020202020202020202020202020202020200a3c3f787061636b657420656e643d2777273f3effee000e41646f626500648000000001ffdb0084000c08080809080c09090c110b0a0b11150f0c0c0f1518131315131318110c0c0c0c0c0c110c0c0c0c0c0c0c0c0c0c0c0c0c0c0c0c0c0c0c0c0c0c0c0c0c0c0c0c010d0b0b0d0e0d100e0e10140e0e0e14140e0e0e0e14110c0c0c0c0c11110c0c0c0c0c0c110c0c0c0c0c0c0c0c0c0c0c0c0c0c0c0c0c0c0c0c0c0c0c0c0c0c0c0cffc000110800a2009b03012200021101031101ffdd0004000affc4013f0000010501010101010100000000000000030001020405060708090a0b0100010501010101010100000000000000010002030405060708090a0b1000010401030204020507060805030c33010002110304211231054151611322718132061491a1b14223241552c16233347282d14307259253f0e1f163733516a2b283264493546445c2a3743617d255e265f2b384c3d375e3f3462794a485b495c4d4e4f4a5b5c5d5e5f55666768696a6b6c6d6e6f637475767778797a7b7c7d7e7f711000202010204040304050607070605350100021103213112044151617122130532819114a1b14223c152d1f0332462e1728292435315637334f1250616a2b283072635c2d2449354a317644555367465e2f2b384c3d375e3f34694a485b495c4d4e4f4a5b5c5d5e5f55666768696a6b6c6d6e6f62737475767778797a7b7c7ffda000c03010002110311003f00edbd7bbfd23bef297af77fa477de541256687673ecf73f6b3f5eeff48efbca5ebddfe91df7950492a1d9567b967ebddfe91df794bd7bbfd23bef2a092543b2acf73f6b3f5eeff48efbca5ebddfe91df7950492a1d9567b967ebddfe91df794bd7bbfd23bef2b2bacfd61e95d11a0e75a45a44b31d8375aefec7b76ff005ac5cf1ff19fd3f77f40bf678ef64ff9a969d97086422c02f6debddfe91df794bd7bbfd23bef2b95c4ff00189f57af7865a2fc427f3ad602c1fd67d2eb3fea17494dd4df536ea5edb6a789658c3b9a479382543b2089c77b09bd7bbfd23bef297af77fa477de54124a876459ee59faf77fa477de52f5eeff0048efbca824950ecab3dcb3f5eeff0048efbca5ebddfe91df7950492a1d9567b967ebddfe91df794debddfe91dcf89514ddfe7fc12a1d9567b97fffd0ecd2492569ce52492492948791914e351664643c574d2d2fb1eee034222e23fc657547d75e3749add02e06fbfcdad3b6967f9fbde82e8478a4023ea3fe330cb99d2f0c40e2ec83f88a2bff00bf58b9ecdfae1f58f3243f35f530fe651158ff00a1efff00a4b194aaaadbad6d34b1d65af30cad80b9c4f835ad41b91c701b059ef7d8f2fb1ce7bddcb9c4b89fed39221cd25ae05a46841d0823b1057a87d4bff178dc1733a9f5b607e5887518ba39b51ecfb7f36cbffe856b27fc67fd5a38b97fb7b159fabe510dcb0386db10db7f92dbff00f3eff5d344c134bde116afd5ff00ac99fd0af2ec73eae3bccdb8af2431dfca6ffa3b3f96d594927a0804517d5ba1fd74e91d5dc2924e265bb8a6e221c7c2abbe83ff00aab7d7852f5afa9dd56cea9d0a9b6f76fbe8268b5c7971646c7bbf94eadcd4adab97108ea3676d249245854924924a526eff003fe09d377f9ff0494fffd1ecd2492569ce5249249294bce7fc65e3d8ceaf8d9247e8aea031a7f955b9dbdbff0082357a32c1faedd33f687d5fbdcd6eebb0ff0058afc619fcf37fb552059314b8663ec7cbf03072ba8e6558386cf5322f76dadbf8973bf75ac6fb9cbd9beaa7d4ec0fabd8e1f0dbfa83c7e9b288d478d744ff003757fd5af3aff169b7fe7763b89000a6e33fd885ebafea5d3ab716bf2e86b8721d6b01fc5ca2c84dd375b0839b878d9f896e1e5305b45ed2cb187b829eacbc4bbf99bebb7fa8f6bbfea4a341898d146a7c2beb47d58cdfabb9c6ab41b312c27ecb931a39bd98ff00ddb9bf9ed58cbe84ccb3a63ea763e75943aab043eab9ccda479b6c2b83eb9fe2f3a1e638ddf57f3e8a2e3c623ad6beb71ff837873acabff0452c67dd4f9baf43ff0016b9d86ec0bfa7b016e5d6f37da4ea1ed74318e69fcdd9b76ed5c465748ea189d4bf65e455b330b9ac15c82097ff0037b5edf6ed7caf52faab856e1746ab1f230db8592c965c1a5a7d42de321cf66eddea29030e72386bbbae924922d452492492949bbfcff8274ddfe7fc1253ffd2ecd2492569ce5249249294a4ca3ed04d444b5e087cf1b48dae515670081711fbc34f921234090ba0019007bbe507ea567e1f52c9fb4b4d7d3b0b2a9a6cb64b4d95df632b6fa2e6ff00c15adf517a9637d55fab988c0ca7a6e3803497303dc7facfb37b9cacf57c01d4ba664e0976c37b0b5aff00dd70f756ff00ec58d6aa187f59ba7b2a651d5ae674fea15b437228bcecf737daeb297bf6b2ea6cfa55bd8e501912df63d53ea87d5fccc5b59f63af1ed2d3b2fa07a763481ed735d5ed5e6acfabff005a1dd1a8ead666d8302fb5b516fad617863ecfb30bfd3fa1b37af47ccebadea8c7f4ee80efb4dd7835d99ac04d18ed77b6cb5d77d1b2e6b7f99a6bfcf5a36f48c4b3a39e8e2598de88a18472d0d10c78fe5b1def48488535b0fea97d5dc2a9b55783558e6000db6b4596388fce7d96ee727cbfaa9f5672eb2dc8e9d4007f3d8c15b87f29b655b1cd41c6fac5561b5b87d7dc30732b867ad648a2e8d3d7c7bff9bfd27d275567e92b4dd47eb0e1e563d983d16f667751c869aea6d077b6bdfecfb45f633d955757f39f490d54f0ff00573ea4f50bbab74dea4c79774f73acc8f55da96369b1d55141dc7df65cd0c7ff00517a05b5bab7963b90aef4ec3af03031f06b32cc6adb583e3b446efed2af9ce06f81d800549091269839888e112ead7492494ad552492492949bbfcff8274ddfe7fc1253ffd3ecd2492569ce5249249294a4c7b98f0f6f2d321452492dbbfacf4fc6147da6d14fda2c14b37683d470739ad2efe56d571ec63c6d7b43c0e038023f15c1ff008c2a1d6fd5a7d83fed3dd5587e04fa47ff003e2e4b0bfc617d6bc2c46625594c7b2b01ac7db5b5ef0d1c37d477d2feda8658fb37314cca365f6a0206d0200e00e026dcdddb646efdd9d7ee5e1f93f5bbeb775296bf3b21e0f2ca06c1fe6e331aa8fd97aeeefb4fa399bffd36db67fcff00a487b7dcb23efee6820b5c25a7904484cd631836b1a18df068007e0bc3f1beb7fd6fe9b0d6e7e4300e197b43c7feccb1ce47cdff00183f5ab3b11f896e53595d822c7555b6b791fb9ea37e8eefe425ed953eb94759c0ca6dcec5b45ff67b0d2e2de0bda01786bbf93b956738b9c5cee4992b9bff0017f8e69fab34bc8839165960f86ef4dbff009ed746a58c445a79a665223a05249249cc4a492492529377f9ff0004e9bbfcff00824a7fffd4ecd2492569ce52492492949249121a25c60789d12535fa861579f8191856e8cc8add593e04fd177f65dee5e319b879181956e1e530b2ea5c5af69f2fce6ff21ff498bd8b27adf48c6fe7b2eb0e1f9ad3bddfe6d7bd54760fd5dfadd8af75b5979a5de9b6e1fa3b99a6e6ed77bbd8eff844d91a16cfcbc88970f42f9af43fac7d57a0d96d9d39ed69b801635ed0f69dbf47da7e2b63ff001cefadbba7d6a63f77d210afe77f8acc96927a76732d6f665ed2c77f9f5ef67fd059bff8dbfd68ddb7d3a23f7bd611ff00924db81ecda727ae7d62ea9d7aeaeeea3635eea416d618d0c680e3b9ded1f0553070727a865d5858ad2fbae76d681dbf79eefe431bee72ed307fc566439c0f51ce6d6ceecc76973bfedcb76b1bff006daea29e97d07eaaf4eb6fa2af4c08165cef7dd612400cde63fedb66c625c71d005b224449ec1b783895e0e1518557f378f5b6b07c768d5dfda723acfc6fac1d1b2605796c6b8fe659fa33ff008242bec735e3730878f169047e0a4689eeba49249214924924a526eff3fe09d377f9ff000494ff00ffd5ecd24955ea7d468e9b86fcabb50dd18c1cbde7e8d615a7392656662e1d5eb655adaabf17773e0d6fe77f6573f99f5df1da4b70b1dd6c7f84b4ec1fe63773d733d43a8e5f51c839194fdcee18c1f4583f72b6aac8d269d8c9fad7d6ef90db863b7c2a6807fcf76f7accbb2b2b20cdf75969fe5b8bbf2a1a6452a803856fa6f54cde9991f68c47ed7110f69d5af6feed8d5512488b48346c3db627d7dc17340ccc7b2a7f77550f6fdce2c7ab9ff3d7eafc4fa977fdb47fbd79ea4a338a3e3f6b27bf3f02f7393f5f3a5b01fb35175eeec5c056dfcaf7ff00d15cbf58eb99dd5ed6bb2086d55ff374334637f95fbcf7ff002dcb3924e8c231d42d96494b4274eca89e54eabafa4eea6c7d47c58e2dff00a9504e9cb1d4c7facfd731e07da7d568fcdb5a1fff004a37ad6c4faf02437371a0777d267ff03b3ff26b94492a0a7d2f03a960f51acd98968b037e9378737faec77d1569797e364df8b7b7231de6bb5865ae6ffd49fde6aefba1759afab62ef203326a817d63fe8d8cfe43d02114e926eff3fe09d377f9ff000410ff00ffd6ecd717f5cf34dbd45986d3ecc6682e1fcb78ddff00459b576a395e69d5eef5faae5ddceeb9f07c9a7637fe8b55b0e786a249248a574924c92949274c92974c9d2494b24927494b2749324a5d2492494b2d2fabd9c707ab5161315da7d2b4762d7fb7fe83f6b9672624b7dc391a8f924a7d55377f9ff050c7b7d6c6a6eff4b5b1ff00e734394fbfcff826ad7fffd7ece635f05e5b6bb7db63ff0079ce3f795ea2ed1ae3e45796773f12ad873c293274c8a574c9d2494b27492494b2749324a527492494b2749324a5d249324a524924929f48e86e2ee8b82e3c9a19f808573bfcff0082cffaba67a1e179551f71216877f9ff0004d4757fffd0ec6cfe6dff00d53f917962f577e3e416387a4fd41fcd3e0bcd7f61f5b93fe4ecaffb65ff00f9156811dc34003d8b4d32bbfb13adff00e57657fdb2ff00fc8a5fb13adffe57657fdb2fff00c8a758ee1347b169a6577f61f5bffcaecaff00b65fff00914bf61f5bff00caecaffb65ff00f914ac770aa3d8b4d32bbfb13adffe57657fdb2fff00c8a5fb0fadff00e57657fdb2ff00fc8a563b8551ec5a49d5cfd87d6fff002bb2bfed97ff00e452fd89d6ff00f2bb2bfed97ffe452b1dc2a8f62d3495cfd87d6fff002bb2bfed97ff00e452fd89d6ff00f2bb2bfed97ffe452b1dc2a8f62d3495cfd87d6fff002bb2bfed97ff00e452fd87d73ff2bb2bfed97ffe452b1dc2a8f62d2495dfd87d6fff002bb2bfed97ff00e452fd89d6ff00f2bb2bfed97ffe452b1dc2a8f62d2495dfd87d6fff002bb2bfed97ff00e452fd87d6ff00f2bb2bfed97ffe452b1dc2a8f62f6bf56bfe42c4fea9ff00aa72d2eff3fe0a9fd5fc2cba7a2e2576d1632c6b0ee639a4112e71f734ad0fb3dffe8dff00e694db17bade137b17ffd1f542905f2b24829faa932f9592492fd5292f9592490fd5292f9592492fd5292f9592494fd54997cac924a7ea9497cac924a7ea9497cac924a7ea948af9592490fd52132f95d2492fffd9, 19, 1, 3137314511, '2023-03-11', 'yelsinsilva@gmail.com', '2023-03-19', '$2y$10$4XjLy/Fa6HOVxrVJVLtEQOJstc8/8FIqsvgKO3Spq22Eka63z.Chu', '$2y$10$gLLIENM9T5l5qTs.hluNlOti9FHVUw3fiMe6CBcpwSobxChps5/2O', '$2y$10$jgei8alg4shOd1rz.5ItSOLkM83cZwFHa92lWKzILtEvlR/75sLwO');
INSERT INTO `chat_users` (`userid`, `username`, `password`, `avatar`, `current_session`, `online`, `celular`, `fecha_nacimiento`, `email`, `fecha_registro`, `pregunta_1`, `pregunta_2`, `pregunta_3`) VALUES
(19, 'Daniela Mejia', '$2y$10$x41DVI3FeNDMrOAjcmmzpuw.D5CWLV3wYPoOVZ99YQ/.w12C4PsoG', 0xffd8ffe000104a46494600010201004800480000ffe10d9b4578696600004d4d002a000000080007011200030000000100010000011a00050000000100000062011b0005000000010000006a01280003000000010002000001310002000000140000007201320002000000140000008687690004000000010000009c000000c80000004800000001000000480000000141646f62652050686f746f73686f7020372e3000323031383a31323a30312032303a34353a30340000000003a001000300000001ffff0000a0020004000000010000009ca0030004000000010000009e0000000000000006010300030000000100060000011a00050000000100000116011b0005000000010000011e012800030000000100020000020100040000000100000126020200040000000100000c6d0000000000000048000000010000004800000001ffd8ffe000104a46494600010201004800480000ffed000c41646f62655f434d0002ffee000e41646f626500648000000001ffdb0084000c08080809080c09090c110b0a0b11150f0c0c0f1518131315131318110c0c0c0c0c0c110c0c0c0c0c0c0c0c0c0c0c0c0c0c0c0c0c0c0c0c0c0c0c0c0c0c0c0c010d0b0b0d0e0d100e0e10140e0e0e14140e0e0e0e14110c0c0c0c0c11110c0c0c0c0c0c110c0c0c0c0c0c0c0c0c0c0c0c0c0c0c0c0c0c0c0c0c0c0c0c0c0c0c0cffc00011080080007e03012200021101031101ffdd00040008ffc4013f0000010501010101010100000000000000030001020405060708090a0b0100010501010101010100000000000000010002030405060708090a0b1000010401030204020507060805030c33010002110304211231054151611322718132061491a1b14223241552c16233347282d14307259253f0e1f163733516a2b283264493546445c2a3743617d255e265f2b384c3d375e3f3462794a485b495c4d4e4f4a5b5c5d5e5f55666768696a6b6c6d6e6f637475767778797a7b7c7d7e7f711000202010204040304050607070605350100021103213112044151617122130532819114a1b14223c152d1f0332462e1728292435315637334f1250616a2b283072635c2d2449354a317644555367465e2f2b384c3d375e3f34694a485b495c4d4e4f4a5b5c5d5e5f55666768696a6b6c6d6e6f62737475767778797a7b7c7ffda000c03010002110311003f0097ccfde7fbd3c799fbcff7a4125cf597b2a1d951e67ef3fde9a3ccfde7fbd3a4959550ecb4799fbcff007a51e67ef3fde9d24acaa87654799fbcff007a51e67ef3fde836e563d3a5b6069fddfceff33e92aeeead8c3e887b878ed1ff007e705363e5f3e4170c7390ee069fe335f2f39ca62359336381fdd321c5fe2b7a3ccfde7fbd34799fbcff007aab5753c4b08697ec278de36ffd2f7355bed3e299931e4c66b246503fd614bf0e6c19871629c320fea112fb568f33f79fef4a3ccfde7fbd3a49965968765a3ccfde7fbd28f33f79fef4e92565543b2a3ccfde7fbd21df53c7894921dd1b2a20767fffd098492092e79ecd4924924a52cccfea2edc68c7311a3ec1e3fb8cff00c92b79f79a319ce69f7bbdacf89eff00d9fa4b080ecb4fe19ca4725e6c82e313c3089d8c86f2ff0005c3f8dfc4278ab96c4786538f16490f9a3097cb01fdf57727b9d49e4a4924b69e654aee1f5138f5fa4f697b01f6907568fddd503ec795f606f513538613edf4197fe6b9f05db59fbcdf6edf57f9af53f4484a3cb871e68f0641c51befb1f366c1cc66e5e7ee629704eab6bb8ff764f4355acbab16567735dc153591d2b23d3bcd2efa36ea3fac3ff26b5d73dcdf2e706530de3f340f783d87c3f9c1cde019280983c39223f4663fee65f329249255db8a4877f82490eff04905ffd198492092e79ecd4924924a72bac5936d550fcd6971f893b5bf915047cf797e5d9e50dfb800ba6fa85d17a4f52ab2f233f199936e3dcc6542c92d0d2cdffcd6ef4ddeff00df6ae979588c5cb6315fa20ff8593d7ff76f15cf4ce7e7734bbccc47f7717eae3ff41e63a7e0e7753b4d3d3b1df96f1a3bd31ed6ff00c65cedb4d5fdbb1763d17fc5e358e6dfd72c6da46a30a927d39ffbb37fb1f77fc557e9d5ff001b5aed2b632badb554d6d75b4436b600d681fc9637da9d296591db4591c311a9f51fc1af99d3f0f3702ce9d9158fb25ac151ad90d0d68fe6fd28f6d6ea76eea7f71793f58e9395d1ba83f072bdd1eea2e0205b54fb6e68fcd7fe6df5ff0082b7feb6bd816775ee8789d6f04e2e47e8ec69df8d90d12eaacfdf1fbf5bbe8dd4ff00856218e7c27c0a7263e21a6e367c9038b1c2c6f2c21c3e465746d2080470403f7ac1ccc4c8c2cbbf0724345f8ef35dbb0ee6cc6edcc77eebd8edff00f56b670ddbb1aa778b1bf834054fe3110638a7e328fd25eaff00b9753fe2ecc8c99f1f78c67f581940ff00d34c92492c77a35243bfc3f8a490eff04905ffd298492092e79ecd497703cc0fbd24c4c6be1afdc92aeb579eb5dbeeb1ff00bcf71fc4aeaffc5b656cea59d864c7da2865cd1e74bb63bfe8deb916ea01f1d55ee87d49bd2bace2750b0c554bc8bffe2ac069b8c0ff0046d77adff5a5d598fa38474143fc178013bc9c67a9b3fe13ebe9240b5c039a439a44b5c35041d5ae69fe524aab7149c4489e06a7e0132c6fadfd559d33a164b83a32729a71f15bdcbec1b5ef11fe82adf6a205903ba09a049e8f9866e57db3372f37fee4df6dc3e0f7135ffe07b16d628031ea0380c6ff00d485cf901adda380207e45d2b5a1ad0d1c0007dc0055be306a1863fd691ff1447fef9d0ff8bb1272f313ed180ff1e52ffbc5d249258cf48a4877f82490eff04905ffd398492092e79ecd4a367f36e8e60c2925dfc921ba08b0477d1e69bf447c1253b2a35d8fae2431c403e5f9bff454f1b0f3b2cc61e35d93da69adcf1fe7b7d8bad12040903a1d47d5f3f319449891ea89e13e717abfa85d7734648e8b68f5b0db5bedaac3f4a86b23f47ff098ef73ff0046cff03ff17f43bc04384b4823c46ab8bfa9df57f3ba659919bd42b145b756da69a2439ed6cfa96596ec2e657bb6d6df4f76f5d2c055b25191a6de204405ff0020de2f635c038c124081caf23ebbd533faa753badcf21afa1efa2aa1b3b2a6b1c58eaebfe5bf66fbaeff000bff0017e9af4ee38d170df597eac7553d532b3f0719d978b94ff5a29873d8e701eab2ca6458efd26e7b1f5a76120136b7389188aefabcd1e0ae957397537d24d7754fa6c83ecb5a58ef386d81bb9742c32d6cf2403f780550f8c6d84f8cc7fd075bfe2e1f57323c311ffd28c92492590f44a48774921dfe0920bfffd498492092e79ecd76b5cf73595b4bdef3b58c689249ecd0b69bf579946064e465bb7e4d745b6575b0fe8d8e6b1ef66e77f86735cdff008a45fab584d6d2eea0f1fa4b4b994cf6ac7b6c78ff008d7fb3fa8b5337fa0e5ffe17bbff003dd8b4b93e523c232641c465ac627e5af170fe23f11c9ee4b0e1918087a6738fcd297e94632fd1e17c22cc8bf288bb22c7db63c02e73dc4f65e9dfe2bf2fd4fab97e2eff0076265bc6c07865cd65d5ff00d36debcb6bfe6d9fd51f9169f43fac1d53a0e4bf23a758d1ea80dbe9b1bbaab5add582d67b5dec71f65b5b996b16aca371a1d1c8b24d9eafb6a75c4f4fff001a7d2ed01bd4f0aec37ffa4c722fafcddb1de8df5ffe0ab6a9faf1f542e1edea95d67bb6e65b591ff6e54a23123a29dc4bbcfe2b9ec8faff00f54280633ce4387e663d36bcff009ee65557fe08b03a9ff8d4243abe8f81b49fa39398e07fcdc4a3dbff006e5e90893d14d1ff001a797eb75fc6c5dc5c31311bb84cc3ee73eeff00cf4da9647d51bb22cfac3d3b05d6bce2e4dedaeea4b89639841dc36cfb38fa6c5979999979f976e6e6daebf2b21dbeeb9d12e31b786c31ac6b46cad8cf6318b4fea5ff00e2bba47fe191ff0052f5218030e1901215b11698ca513c5126247589e12fa1f53fabeec763afc22eb6a6897d2ed6c681f9d5b87f3acffc1164020891a83dc2ee412208e4705731d7b05b8b982da86da72817868e1b60fe75adfeb4faab1f9ce56301ee63151fd28feeff00583b9f0cf884f24bd9cc78a55709f5970ef097f59cd4877f82490eff000545d52fffd5984cf76d613e0344e384ed6ef7b19fbcf637ef7342e780bd1ecc9a16f698d48c7c6a681a0aab6b7e607bbfe921f527b6be999d638c3598b7b89f2153d5ab3e9bbe27f2ac3faeb96ec4faa7d52c6fd2b2a18edf8def6507ff0003758ba188aa03a681e34c8c8991de5ea3e727c66bfe6d9fd51f9149288d070125656a9293d924925292492494a5adf546c15fd6ae8ee77072eb6fcdf358ff00aa592898d94fc2caa336bfa7896d77b3e35bdb6ffdf503b153ef7c68b33eb1d5bfa617f7a2c63c7c1dfa27ff00d5ad4796979737e8bbdcdf83bdcdfcaa9757687749cb07b545c3e45ae54f3c78b14c7f54fe4d8e52463cc6123f7e3ff3a5c2f2290eff000fe29243bfc1613d597fffd698e113144e5e38f1bab1ff004da841c3cfee28b86e1f6dc6e7f9eafb1fdf6ac0803c51d3a8fcdec2721c12d47ca7fe8bdbbbe91f895cc7f8c607fe69de470323189f86f72e99df48fc4ac4faeb8c72bea9755a9bab9b48b87fd66caf23fea2b72e806ff578f7c6d24b9d403f71fee4b5f03f71fee5614a492f91fb8ff725af81fb8ff720a52496be07ee3fdc97c8fdc7fb9252946cfe6dff00d53f914b5f03f71fee44c6c6765e55188d07764db5d2dd0f363db5ff00df92b53eef8e08c6c707914d40fc7d362175113d372c7fc0d9f8056addbea380e0181f01ed0ab75023f6765ffc459ff52555c9f24ffbb2fc9930ff003b8ffbf0ff00a4f1a381f04877f82887081cf1e053870d79e3c0f8ac1a3d9eb4c8770fffd9ffed124850686f746f73686f7020332e30003842494d0425000000000010000000000000000000000000000000003842494d03ed000000000010004800000001000100480000000100013842494d042600000000000e000000000000000000003f8000003842494d040d0000000000040000001e3842494d04190000000000040000001e3842494d03f3000000000009000000000000000001003842494d040a00000000000100003842494d271000000000000a000100000000000000013842494d03f5000000000048002f66660001006c66660006000000000001002f6666000100a1999a0006000000000001003200000001005a00000006000000000001003500000001002d000000060000000000013842494d03f80000000000700000ffffffffffffffffffffffffffffffffffffffffffff03e800000000ffffffffffffffffffffffffffffffffffffffffffff03e800000000ffffffffffffffffffffffffffffffffffffffffffff03e800000000ffffffffffffffffffffffffffffffffffffffffffff03e800003842494d0408000000000010000000010000024000000240000000003842494d041e000000000004000000003842494d041a0000000003590000000600000000000000000000009e0000009c000000120069006c006c00750073007400720061007400650064002d00700065006f0070006c006500000001000000000000000000000000000000000000000100000000000000000000009c0000009e00000000000000000000000000000000010000000000000000000000000000000000000010000000010000000000006e756c6c0000000200000006626f756e64734f626a6300000001000000000000526374310000000400000000546f70206c6f6e6700000000000000004c6566746c6f6e67000000000000000042746f6d6c6f6e670000009e00000000526768746c6f6e670000009c00000006736c69636573566c4c73000000014f626a6300000001000000000005736c6963650000001200000007736c69636549446c6f6e67000000000000000767726f757049446c6f6e6700000000000000066f726967696e656e756d0000000c45536c6963654f726967696e0000000d6175746f47656e6572617465640000000054797065656e756d0000000a45536c6963655479706500000000496d672000000006626f756e64734f626a6300000001000000000000526374310000000400000000546f70206c6f6e6700000000000000004c6566746c6f6e67000000000000000042746f6d6c6f6e670000009e00000000526768746c6f6e670000009c0000000375726c54455854000000010000000000006e756c6c54455854000000010000000000004d7367655445585400000001000000000006616c74546167544558540000000100000000000e63656c6c54657874497348544d4c626f6f6c010000000863656c6c546578745445585400000001000000000009686f727a416c69676e656e756d0000000f45536c696365486f727a416c69676e0000000764656661756c740000000976657274416c69676e656e756d0000000f45536c69636556657274416c69676e0000000764656661756c740000000b6267436f6c6f7254797065656e756d0000001145536c6963654247436f6c6f7254797065000000004e6f6e6500000009746f704f75747365746c6f6e67000000000000000a6c6566744f75747365746c6f6e67000000000000000c626f74746f6d4f75747365746c6f6e67000000000000000b72696768744f75747365746c6f6e6700000000003842494d041100000000000101003842494d0414000000000004000000013842494d040c000000000c89000000010000007e000000800000017c0000be0000000c6d00180001ffd8ffe000104a46494600010201004800480000ffed000c41646f62655f434d0002ffee000e41646f626500648000000001ffdb0084000c08080809080c09090c110b0a0b11150f0c0c0f1518131315131318110c0c0c0c0c0c110c0c0c0c0c0c0c0c0c0c0c0c0c0c0c0c0c0c0c0c0c0c0c0c0c0c0c0c010d0b0b0d0e0d100e0e10140e0e0e14140e0e0e0e14110c0c0c0c0c11110c0c0c0c0c0c110c0c0c0c0c0c0c0c0c0c0c0c0c0c0c0c0c0c0c0c0c0c0c0c0c0c0c0cffc00011080080007e03012200021101031101ffdd00040008ffc4013f0000010501010101010100000000000000030001020405060708090a0b0100010501010101010100000000000000010002030405060708090a0b1000010401030204020507060805030c33010002110304211231054151611322718132061491a1b14223241552c16233347282d14307259253f0e1f163733516a2b283264493546445c2a3743617d255e265f2b384c3d375e3f3462794a485b495c4d4e4f4a5b5c5d5e5f55666768696a6b6c6d6e6f637475767778797a7b7c7d7e7f711000202010204040304050607070605350100021103213112044151617122130532819114a1b14223c152d1f0332462e1728292435315637334f1250616a2b283072635c2d2449354a317644555367465e2f2b384c3d375e3f34694a485b495c4d4e4f4a5b5c5d5e5f55666768696a6b6c6d6e6f62737475767778797a7b7c7ffda000c03010002110311003f0097ccfde7fbd3c799fbcff7a4125cf597b2a1d951e67ef3fde9a3ccfde7fbd3a4959550ecb4799fbcff007a51e67ef3fde9d24acaa87654799fbcff007a51e67ef3fde836e563d3a5b6069fddfceff33e92aeeead8c3e887b878ed1ff007e705363e5f3e4170c7390ee069fe335f2f39ca62359336381fdd321c5fe2b7a3ccfde7fbd34799fbcff007aab5753c4b08697ec278de36ffd2f7355bed3e299931e4c66b246503fd614bf0e6c19871629c320fea112fb568f33f79fef4a3ccfde7fbd3a49965968765a3ccfde7fbd28f33f79fef4e92565543b2a3ccfde7fbd21df53c7894921dd1b2a20767fffd098492092e79ecd4924924a52cccfea2edc68c7311a3ec1e3fb8cff00c92b79f79a319ce69f7bbdacf89eff00d9fa4b080ecb4fe19ca4725e6c82e313c3089d8c86f2ff0005c3f8dfc4278ab96c4786538f16490f9a3097cb01fdf57727b9d49e4a4924b69e654aee1f5138f5fa4f697b01f6907568fddd503ec795f606f513538613edf4197fe6b9f05db59fbcdf6edf57f9af53f4484a3cb871e68f0641c51befb1f366c1cc66e5e7ee629704eab6bb8ff764f4355acbab16567735dc153591d2b23d3bcd2efa36ea3fac3ff26b5d73dcdf2e706530de3f340f783d87c3f9c1cde019280983c39223f4663fee65f329249255db8a4877f82490eff04905ffd198492092e79ecd4924924a72bac5936d550fcd6971f893b5bf915047cf797e5d9e50dfb800ba6fa85d17a4f52ab2f233f199936e3dcc6542c92d0d2cdffcd6ef4ddeff00df6ae979588c5cb6315fa20ff8593d7ff76f15cf4ce7e7734bbccc47f7717eae3ff41e63a7e0e7753b4d3d3b1df96f1a3bd31ed6ff00c65cedb4d5fdbb1763d17fc5e358e6dfd72c6da46a30a927d39ffbb37fb1f77fc557e9d5ff001b5aed2b632badb554d6d75b4436b600d681fc9637da9d296591db4591c311a9f51fc1af99d3f0f3702ce9d9158fb25ac151ad90d0d68fe6fd28f6d6ea76eea7f71793f58e9395d1ba83f072bdd1eea2e0205b54fb6e68fcd7fe6df5ff0082b7feb6bd816775ee8789d6f04e2e47e8ec69df8d90d12eaacfdf1fbf5bbe8dd4ff00856218e7c27c0a7263e21a6e367c9038b1c2c6f2c21c3e465746d2080470403f7ac1ccc4c8c2cbbf0724345f8ef35dbb0ee6cc6edcc77eebd8edff00f56b670ddbb1aa778b1bf834054fe3110638a7e328fd25eaff00b9753fe2ecc8c99f1f78c67f581940ff00d34c92492c77a35243bfc3f8a490eff04905ffd298492092e79ecd497703cc0fbd24c4c6be1afdc92aeb579eb5dbeeb1ff00bcf71fc4aeaffc5b656cea59d864c7da2865cd1e74bb63bfe8deb916ea01f1d55ee87d49bd2bace2750b0c554bc8bffe2ac069b8c0ff0046d77adff5a5d598fa38474143fc178013bc9c67a9b3fe13ebe9240b5c039a439a44b5c35041d5ae69fe524aab7149c4489e06a7e0132c6fadfd559d33a164b83a32729a71f15bdcbec1b5ef11fe82adf6a205903ba09a049e8f9866e57db3372f37fee4df6dc3e0f7135ffe07b16d628031ea0380c6ff00d485cf901adda380207e45d2b5a1ad0d1c0007dc0055be306a1863fd691ff1447fef9d0ff8bb1272f313ed180ff1e52ffbc5d249258cf48a4877f82490eff04905ffd398492092e79ecd4a367f36e8e60c2925dfc921ba08b0477d1e69bf447c1253b2a35d8fae2431c403e5f9bff454f1b0f3b2cc61e35d93da69adcf1fe7b7d8bad12040903a1d47d5f3f319449891ea89e13e717abfa85d7734648e8b68f5b0db5bedaac3f4a86b23f47ff098ef73ff0046cff03ff17f43bc04384b4823c46ab8bfa9df57f3ba659919bd42b145b756da69a2439ed6cfa96596ec2e657bb6d6df4f76f5d2c055b25191a6de204405ff0020de2f635c038c124081caf23ebbd533faa753badcf21afa1efa2aa1b3b2a6b1c58eaebfe5bf66fbaeff000bff0017e9af4ee38d170df597eac7553d532b3f0719d978b94ff5a29873d8e701eab2ca6458efd26e7b1f5a76120136b7389188aefabcd1e0ae957397537d24d7754fa6c83ecb5a58ef386d81bb9742c32d6cf2403f780550f8c6d84f8cc7fd075bfe2e1f57323c311ffd28c92492590f44a48774921dfe0920bfffd498492092e79ecd76b5cf73595b4bdef3b58c689249ecd0b69bf579946064e465bb7e4d745b6575b0fe8d8e6b1ef66e77f86735cdff008a45fab584d6d2eea0f1fa4b4b994cf6ac7b6c78ff008d7fb3fa8b5337fa0e5ffe17bbff003dd8b4b93e523c232641c465ac627e5af170fe23f11c9ee4b0e1918087a6738fcd297e94632fd1e17c22cc8bf288bb22c7db63c02e73dc4f65e9dfe2bf2fd4fab97e2eff0076265bc6c07865cd65d5ff00d36debcb6bfe6d9fd51f9169f43fac1d53a0e4bf23a758d1ea80dbe9b1bbaab5add582d67b5dec71f65b5b996b16aca371a1d1c8b24d9eafb6a75c4f4fff001a7d2ed01bd4f0aec37ffa4c722fafcddb1de8df5ffe0ab6a9faf1f542e1edea95d67bb6e65b591ff6e54a23123a29dc4bbcfe2b9ec8faff00f54280633ce4387e663d36bcff009ee65557fe08b03a9ff8d4243abe8f81b49fa39398e07fcdc4a3dbff006e5e90893d14d1ff001a797eb75fc6c5dc5c31311bb84cc3ee73eeff00cf4da9647d51bb22cfac3d3b05d6bce2e4dedaeea4b89639841dc36cfb38fa6c5979999979f976e6e6daebf2b21dbeeb9d12e31b786c31ac6b46cad8cf6318b4fea5ff00e2bba47fe191ff0052f5218030e1901215b11698ca513c5126247589e12fa1f53fabeec763afc22eb6a6897d2ed6c681f9d5b87f3acffc1164020891a83dc2ee412208e4705731d7b05b8b982da86da72817868e1b60fe75adfeb4faab1f9ce56301ee63151fd28feeff00583b9f0cf884f24bd9cc78a55709f5970ef097f59cd4877f82490eff000545d52fffd5984cf76d613e0344e384ed6ef7b19fbcf637ef7342e780bd1ecc9a16f698d48c7c6a681a0aab6b7e607bbfe921f527b6be999d638c3598b7b89f2153d5ab3e9bbe27f2ac3faeb96ec4faa7d52c6fd2b2a18edf8def6507ff0003758ba188aa03a681e34c8c8991de5ea3e727c66bfe6d9fd51f9149288d070125656a9293d924925292492494a5adf546c15fd6ae8ee77072eb6fcdf358ff00aa592898d94fc2caa336bfa7896d77b3e35bdb6ffdf503b153ef7c68b33eb1d5bfa617f7a2c63c7c1dfa27ff00d5ad4796979737e8bbdcdf83bdcdfcaa9757687749cb07b545c3e45ae54f3c78b14c7f54fe4d8e52463cc6123f7e3ff3a5c2f2290eff000fe29243bfc1613d597fffd698e113144e5e38f1bab1ff004da841c3cfee28b86e1f6dc6e7f9eafb1fdf6ac0803c51d3a8fcdec2721c12d47ca7fe8bdbbbe91f895cc7f8c607fe69de470323189f86f72e99df48fc4ac4faeb8c72bea9755a9bab9b48b87fd66caf23fea2b72e806ff578f7c6d24b9d403f71fee4b5f03f71fee5614a492f91fb8ff725af81fb8ff720a52496be07ee3fdc97c8fdc7fb9252946cfe6dff00d53f914b5f03f71fee44c6c6765e55188d07764db5d2dd0f363db5ff00df92b53eef8e08c6c707914d40fc7d362175113d372c7fc0d9f8056addbea380e0181f01ed0ab75023f6765ffc459ff52555c9f24ffbb2fc9930ff003b8ffbf0ff00a4f1a381f04877f82887081cf1e053870d79e3c0f8ac1a3d9eb4c8770fffd9003842494d042100000000005500000001010000000f00410064006f00620065002000500068006f0074006f00730068006f00700000001300410064006f00620065002000500068006f0074006f00730068006f007000200037002e003000000001003842494d04060000000000070001000000010100ffe11248687474703a2f2f6e732e61646f62652e636f6d2f7861702f312e302f003c3f787061636b657420626567696e3d27efbbbf272069643d2757354d304d7043656869487a7265537a4e54637a6b633964273f3e0a3c3f61646f62652d7861702d66696c74657273206573633d224352223f3e0a3c783a7861706d65746120786d6c6e733a783d2761646f62653a6e733a6d6574612f2720783a786170746b3d27584d5020746f6f6c6b697420322e382e322d33332c206672616d65776f726b20312e35273e0a3c7264663a52444620786d6c6e733a7264663d27687474703a2f2f7777772e77332e6f72672f313939392f30322f32322d7264662d73796e7461782d6e73232720786d6c6e733a69583d27687474703a2f2f6e732e61646f62652e636f6d2f69582f312e302f273e0a0a203c7264663a4465736372697074696f6e2061626f75743d27757569643a65313864343464372d663537622d313165382d623035622d383763346331353864653765270a2020786d6c6e733a7861704d4d3d27687474703a2f2f6e732e61646f62652e636f6d2f7861702f312e302f6d6d2f273e0a20203c7861704d4d3a446f63756d656e7449443e61646f62653a646f6369643a70686f746f73686f703a61643466373839352d663537622d313165382d623035622d3837633463313538646537653c2f7861704d4d3a446f63756d656e7449443e0a203c2f7264663a4465736372697074696f6e3e0a0a3c2f7264663a5244463e0a3c2f783a7861706d6574613e0a202020202020202020202020202020202020202020202020202020202020202020202020202020202020202020202020202020202020202020202020202020202020202020202020202020202020202020202020202020202020202020202020202020200a202020202020202020202020202020202020202020202020202020202020202020202020202020202020202020202020202020202020202020202020202020202020202020202020202020202020202020202020202020202020202020202020202020200a202020202020202020202020202020202020202020202020202020202020202020202020202020202020202020202020202020202020202020202020202020202020202020202020202020202020202020202020202020202020202020202020202020200a202020202020202020202020202020202020202020202020202020202020202020202020202020202020202020202020202020202020202020202020202020202020202020202020202020202020202020202020202020202020202020202020202020200a202020202020202020202020202020202020202020202020202020202020202020202020202020202020202020202020202020202020202020202020202020202020202020202020202020202020202020202020202020202020202020202020202020200a202020202020202020202020202020202020202020202020202020202020202020202020202020202020202020202020202020202020202020202020202020202020202020202020202020202020202020202020202020202020202020202020202020200a202020202020202020202020202020202020202020202020202020202020202020202020202020202020202020202020202020202020202020202020202020202020202020202020202020202020202020202020202020202020202020202020202020200a202020202020202020202020202020202020202020202020202020202020202020202020202020202020202020202020202020202020202020202020202020202020202020202020202020202020202020202020202020202020202020202020202020200a202020202020202020202020202020202020202020202020202020202020202020202020202020202020202020202020202020202020202020202020202020202020202020202020202020202020202020202020202020202020202020202020202020200a202020202020202020202020202020202020202020202020202020202020202020202020202020202020202020202020202020202020202020202020202020202020202020202020202020202020202020202020202020202020202020202020202020200a202020202020202020202020202020202020202020202020202020202020202020202020202020202020202020202020202020202020202020202020202020202020202020202020202020202020202020202020202020202020202020202020202020200a202020202020202020202020202020202020202020202020202020202020202020202020202020202020202020202020202020202020202020202020202020202020202020202020202020202020202020202020202020202020202020202020202020200a202020202020202020202020202020202020202020202020202020202020202020202020202020202020202020202020202020202020202020202020202020202020202020202020202020202020202020202020202020202020202020202020202020200a202020202020202020202020202020202020202020202020202020202020202020202020202020202020202020202020202020202020202020202020202020202020202020202020202020202020202020202020202020202020202020202020202020200a202020202020202020202020202020202020202020202020202020202020202020202020202020202020202020202020202020202020202020202020202020202020202020202020202020202020202020202020202020202020202020202020202020200a202020202020202020202020202020202020202020202020202020202020202020202020202020202020202020202020202020202020202020202020202020202020202020202020202020202020202020202020202020202020202020202020202020200a202020202020202020202020202020202020202020202020202020202020202020202020202020202020202020202020202020202020202020202020202020202020202020202020202020202020202020202020202020202020202020202020202020200a202020202020202020202020202020202020202020202020202020202020202020202020202020202020202020202020202020202020202020202020202020202020202020202020202020202020202020202020202020202020202020202020202020200a202020202020202020202020202020202020202020202020202020202020202020202020202020202020202020202020202020202020202020202020202020202020202020202020202020202020202020202020202020202020202020202020202020200a202020202020202020202020202020202020202020202020202020202020202020202020202020202020202020202020202020202020202020202020202020202020202020202020202020202020202020202020202020202020202020202020202020200a202020202020202020202020202020202020202020202020202020202020202020202020202020202020202020202020202020202020202020202020202020202020202020202020202020202020202020202020202020202020202020202020202020200a202020202020202020202020202020202020202020202020202020202020202020202020202020202020202020202020202020202020202020202020202020202020202020202020202020202020202020202020202020202020202020202020202020200a202020202020202020202020202020202020202020202020202020202020202020202020202020202020202020202020202020202020202020202020202020202020202020202020202020202020202020202020202020202020202020202020202020200a202020202020202020202020202020202020202020202020202020202020202020202020202020202020202020202020202020202020202020202020202020202020202020202020202020202020202020202020202020202020202020202020202020200a202020202020202020202020202020202020202020202020202020202020202020202020202020202020202020202020202020202020202020202020202020202020202020202020202020202020202020202020202020202020202020202020202020200a202020202020202020202020202020202020202020202020202020202020202020202020202020202020202020202020202020202020202020202020202020202020202020202020202020202020202020202020202020202020202020202020202020200a202020202020202020202020202020202020202020202020202020202020202020202020202020202020202020202020202020202020202020202020202020202020202020202020202020202020202020202020202020202020202020202020202020200a202020202020202020202020202020202020202020202020202020202020202020202020202020202020202020202020202020202020202020202020202020202020202020202020202020202020202020202020202020202020202020202020202020200a202020202020202020202020202020202020202020202020202020202020202020202020202020202020202020202020202020202020202020202020202020202020202020202020202020202020202020202020202020202020202020202020202020200a202020202020202020202020202020202020202020202020202020202020202020202020202020202020202020202020202020202020202020202020202020202020202020202020202020202020202020202020202020202020202020202020202020200a202020202020202020202020202020202020202020202020202020202020202020202020202020202020202020202020202020202020202020202020202020202020202020202020202020202020202020202020202020202020202020202020202020200a202020202020202020202020202020202020202020202020202020202020202020202020202020202020202020202020202020202020202020202020202020202020202020202020202020202020202020202020202020202020202020202020202020200a202020202020202020202020202020202020202020202020202020202020202020202020202020202020202020202020202020202020202020202020202020202020202020202020202020202020202020202020202020202020202020202020202020200a202020202020202020202020202020202020202020202020202020202020202020202020202020202020202020202020202020202020202020202020202020202020202020202020202020202020202020202020202020202020202020202020202020200a202020202020202020202020202020202020202020202020202020202020202020202020202020202020202020202020202020202020202020202020202020202020202020202020202020202020202020202020202020202020202020202020202020200a202020202020202020202020202020202020202020202020202020202020202020202020202020202020202020202020202020202020202020202020202020202020202020202020202020202020202020202020202020202020202020202020202020200a202020202020202020202020202020202020202020202020202020202020202020202020202020202020202020202020202020202020202020202020202020202020202020202020202020202020202020202020202020202020202020202020202020200a202020202020202020202020202020202020202020202020202020202020202020202020202020202020202020202020202020202020202020202020202020202020202020202020202020202020202020202020202020202020202020202020202020200a202020202020202020202020202020202020202020202020202020202020202020202020202020202020202020202020202020202020202020202020202020202020202020202020202020202020202020202020202020202020202020202020202020200a202020202020202020202020202020202020202020202020202020202020202020202020202020202020202020202020202020202020202020202020202020202020202020202020202020202020202020202020202020202020202020202020202020200a202020202020202020202020202020202020202020202020202020202020202020202020202020202020202020202020202020202020200a3c3f787061636b657420656e643d2777273f3effee000e41646f626500648000000001ffdb0084000c08080809080c09090c110b0a0b11150f0c0c0f1518131315131318110c0c0c0c0c0c110c0c0c0c0c0c0c0c0c0c0c0c0c0c0c0c0c0c0c0c0c0c0c0c0c0c0c0c010d0b0b0d0e0d100e0e10140e0e0e14140e0e0e0e14110c0c0c0c0c11110c0c0c0c0c0c110c0c0c0c0c0c0c0c0c0c0c0c0c0c0c0c0c0c0c0c0c0c0c0c0c0c0c0cffc0001108009e009c03012200021101031101ffdd0004000affc4013f0000010501010101010100000000000000030001020405060708090a0b0100010501010101010100000000000000010002030405060708090a0b1000010401030204020507060805030c33010002110304211231054151611322718132061491a1b14223241552c16233347282d14307259253f0e1f163733516a2b283264493546445c2a3743617d255e265f2b384c3d375e3f3462794a485b495c4d4e4f4a5b5c5d5e5f55666768696a6b6c6d6e6f637475767778797a7b7c7d7e7f711000202010204040304050607070605350100021103213112044151617122130532819114a1b14223c152d1f0332462e1728292435315637334f1250616a2b283072635c2d2449354a317644555367465e2f2b384c3d375e3f34694a485b495c4d4e4f4a5b5c5d5e5f55666768696a6b6c6d6e6f62737475767778797a7b7c7ffda000c03010002110311003f009ebe27ef4b5f13f7a4125cf59eef65c23b0fb15af89fbd2d7c4fde924959eeaa1d82b5f13f7a5af89fbd2492b3dd543b056be27ef4b5f13f7a492567baa8760ad7c4fde96be27ef493484459dad07846f417d7c4fde96be27ef4a524aca6a276015af89fbd2f99fbd2490b3dd543b056be27ef4b5f13f7a492567baa8760ad7c4fde96be27ef4924acf7550ec15af89fbd3ebb79effc1325f9bf346cf751034d03ffd09849304eb9e7b35249249294924924a51206bd967e4f556b496d03791f9c78ff00cc907a96617b8d15986b7e991dcf82a0b5f92f8744c464cc2ef58c3fef9e7be27f19989cb0f2e6b8749e4f1fea26b32f26cfa5618f01a0fc10a49d64fde9925a91c7088a8c40f20e14b36499b94e523e25257917d44163c8f2990b5707386402c78db68d6070478858c9d8e731db984b5c382342a0e6793c79a24508cff4663f6b6b92f88e6e5b203c4678ff004f193d3faaf4892cac1ea16078aef76e6bb40e3c83e6b5560f31cb4f04f867d75121b49eaf93e7317358f8f1e95a4a27e689524924a16ca92492494a4ff9bf34c9ff0037e6920f47ffd1904e904973cf66a4924925290732ef431def1cc437e2784659bd62cfe6eaf1971f929f94c5eee7840ed767fbb16a7c433fb1cae5c8349570c7fbd3f4b99af7d4f8a4924ba6788524ae74ee91d4ba9bf660e3baef17f0c1fd7b5d0c5db742fa898b86e6e4f532dcac86eada87f34d3f3fe7bfb5ec4d94c477fb17c71ca5b7daf1aee85d4d9d27f6b3ea2cc6dc00dda38b4ff86dbfe8777b772cf5ed56d355d53e9b5a1f558d2c7b08d0b48da5abcb3eb2740b7a2671ac4bf12d9763da7c3fd13ffe12b4d864e2d0aec98b8402351d5c85b9d3f23d7c705df4dbed72c357fa459173ebece13f72adf12c427cb997e963f50ffba6f7c179838b9b8c6fd397d121e3fa0eb24924b9f7af52492492949ff37e6993fe6fcd241e8fffd2904e904973cf66a4924925296275279765bbf92001f956dae7f25dbb22d778b8ad2f8446f34e5fbb1ffa4e2ffc619d72f8e1fbf3bff1036ba1f4bfdafd4eac0f53d1160713601ba035bbfe8e8bbee9ff0051ba16210fb6b39960ef7996cffc5376d7fe7ae27ea9e48c6fac58561301ef3593e5635d5ffd52f565ab96520681d29e7f0c624591adb1656cad8195b4318de1ad0001fd90a4924a16752a9d53a662f55c27e1e537731fab5dddae1f46c61fde6ab69241445e85f1feb1d232fa466bb13244f7aac1f45ececf6ffdfd0fa7bb6e657e723ef0bb4ff19173460e15100bdf739f3dc358dda63face7b57138409cbaa3b3a7ee0a5ca78b97c84fee498b00e0e6f170ff009c87fd277824924b997b852492492949ff0037e6993fe6fcd241e8ff00ffd39849304eb9e7b35249249296261738492493c932ba1b8c54f3e0d3f9173a380b5fe0e34ca7fba1e77fe314bd5823e133f933aae7516d77b3e954e6bdbf169dcbd9b1ef6645156430cb2e636c69f270dffc578b2f45fa89d66bcbe9c3a6d8efd630c435a797553ec737fe2fe83968e61601ece2e095123bbd424924a06ca924957cfcec7e9f896e664bb6d5489779feeb5bfca7b9255d3c07f8c0cc17f5a663832316a0d3fd67fe91dff4762c2e9c09cc647693f828e765d99d9b7e65bf4f21e5e4784fd16ff61bed46e923f5a3e4c2a4e67d1cb64fee159c90e3e770f8e489fb1d8092492e69ed94924924a525f9bf3493fe6fcd241e8fffd49849304eb9e7b35249249291e4cfd9ec8fdd3f9173cba470dcd2dece1057385a5ae2c3cb4c1f92d8f83c870e58f5b05e73fe3144f1e1974a945645c6cac8c4c8664e33cd7754658f1febf47f79093b5ae7bc318d2f7b8c35add493e4d5aae087d63eaf7577f56e99565dec14dafdcd2d0743b4eddecfeb2d458bd2310e174bc5c57087d55b43c7838fb9ff00f4dcaeef7fef1fbd5435669bb1ba16dc7bdac12e31f9579a7d74eab9d95d5adc2b8ecc6c570f46a1c196877acffde7fb977c493a9d4ae1bebde1595f51af3830fa3756d6bde0681ec910e3fca66d4fc55c4c79af834799577a4ff4977f50fe554bb2b9d28c65ff0064a5ce0fe8d97fba577c34d73983fbf176524925cd3db292492494a4ff009bf34c97e6fcd241e8ff00ffd59849304eb9e7b352492dbe8bd1daf6b73329b20eb5547823fd23ff00ef8a4c38a5965c31fa9ecc3ccf310c18cce7f41d645c97e1e4b706ecf7565b8d456eb5ce3a12d6893e9b7f3970f97d65d75cfb29a856d71901c64fe0bd73eb109fabfd487fdd5b7fea4af115b7c9f2d0c36412647425e739de727cd509802113c5188ffbe7b0fa85562f57ea7938fd46b168ae9f56a6825a2439ac7cec3eef6bd7a36274ee9f85fd131aaa0f05cc680eff003fe9af23fa9dd5aae91f5831f2b21c198ee0ea6f79e036c11bcff51fb17b1d6faed636ca9c2cade25af6905a41fdd70536426f76a08c46c02e924928d2a4ce6b5cd2d7b439a796b8020fc5a53a7494e2758e85d05b819596ec3ad8ea697d935cb35634b87d086af2ac4eb5998f636c863c8104111c8fe4af48ff00181d671b0ba15f842c6fdb3300a99483ef0c2775b63da3e8b367b7dcbca14b11c51225ac65a107b2a3e9909c74944f103e2f6df577a959d7721f87555e9e4b2b36c174b4b5a5ad30efcd77b9695d4dd4586bb986b78fcd768b1bfc578ffb20bcf862bbfeaeb5e9199858f9b57a5709fdd78fa4d3e2d59dcc7c3e1afb5e93dbf45d5e5be2f92240cc38e3fbc3e70f1a92366625b8790ea2de46ad70e1cdecf082b2e51312411443bb1946711289b8c8582a4ff9bf34c9ff0037e6828f47ffd698492092e79ecdb1d3f17ed79b5507e8b9d2ff00ea8d5cbb10000001006800ec173df566add9175a47d060683fd63ff98ae856af210031717599fc22f3df17ca65cc0874c711fe34bd4d0fac1ff20752ff00c2b77fd415e20385ed9f59ec15fd5cea6e7683ecd60fbc6d5e26b471ec5cd52bdd37aef58e94e9e9f976503bb01dcc3fd6a5fbabff00a2a8a49e45a1ed30ff00c68f56ac06e6e2d393e2f64d4e3f76f67fd15a55ff008d5c023f4bd3ae0efe43d847fd2d8bce5243823d92f7f91fe3544118bd3b5ec6db3fefb5b7fefeb0fa8ff8c0facd9a0b197b70ea772cc76869ff00b79fbeeffa6b9c4921088e8a5def7d8f3658e2f7bb573dc49713e6e726492450f61fe2bffe5ec9ff00c2aeff00abad7a72f2eff164f0dfac7630f3662d807f64b1ebd454593e64b97f587105b87f6803df4199fe41fa5ff925cd2edaeac5b4d951d43dae6fde2171304687b68b23e2100324643f486be7177fe0d94cb14f19ff002674feecd49ff37e6993fe6fcd5274cf47ffd798492092e79ecde83eac3631b21de3601f70ff00cc96cacafab63f5179f1b4fe01ab556d72a2b063f2796f881be6b2ff007bf20f39fe3072fecdf55ef68fa592fae91f33ea3bfe8d4bc917a4ff008d4711d2701bd9d92e27e55e9ff54bcd95dc7f2b554924927a14924924a5249249294924924a773ea4e67d93eb460587e8d8f750ef85ad757ff57b57b1af0ae96f2cea986f6e85b915107fb6d5eea793f15164dc254395c4e4b7664dcdfddb1c3ee2576c171bd40467e40ff8477e265667c447a607c4baff00053facca3bc435d3fe6fcd327fcdf9acd76cf47fffd0984936a96be4b9fa7b2e21e3f617a6fab9ff00271ff8d77e46ad4597f5727f671ff8d77e46ad45b5cb7f330fee8796e7bfdd397fbc5e3bfc69525fd0f16d1fe07284ff006d8f6ffdf17992f5bff184da5df55b23d570690facd533abf77b5ba03f99bd79241f11f79ffc8ab98fe56b2924a0f97de7ff0022941f11f79ffc8a721492507c47de7ff22941f2fbcffe45252924a0f97de7ff0022941f2fbcff00e45252924a0f88fbcffe45283e5f79ff00c8a4a6ef43a4dfd6b02a1cbf22a1ff004dabdc8f2578e7d486d47eb574ff0059cd6b43dc5a3532fd8ff4d9c7efaf62d547937095d71dd4ff00e52c9ff8c2bb05c7f549fda593ff00185677c407eae3fde757e0c6b364fee7fdd3592fcdf9a6d53ebb7e6b32bf95bb848b1bfd85ffd9, 18, 0, 3137314511, '2023-03-09', 'daniela@gmail.com', '2023-03-19', '$2y$10$Lesv6nikQcSqr9CnD9TDKem7aRazM6tM.CZMpX7Wvbt5/yeNJnb7y', '$2y$10$biQgBy9YlXGFHXAQzTNiV.znZKsVnbUVH8mVhJoYUNOeGylT66oZq', '$2y$10$mFaNdLmhCxp5N9l4.bOOheDoVQFNb.ZUqN6NgtvJ48HYEfeVCdwDW');
INSERT INTO `chat_users` (`userid`, `username`, `password`, `avatar`, `current_session`, `online`, `celular`, `fecha_nacimiento`, `email`, `fecha_registro`, `pregunta_1`, `pregunta_2`, `pregunta_3`) VALUES
(20, 'Marina Silva', '$2y$10$IlpvnKSU2rsza2JUWXE6jOJFB56ustNjN5io9DQ/jTN4yQXSSAxOa', 0xffd8ffe000104a46494600010201004800480000ffe10b7d4578696600004d4d002a000000080007011200030000000100010000011a00050000000100000062011b0005000000010000006a01280003000000010002000001310002000000140000007201320002000000140000008687690004000000010000009c000000c80000004800000001000000480000000141646f62652050686f746f73686f7020372e3000323031383a31323a30312032303a34323a32360000000003a001000300000001ffff0000a0020004000000010000009da003000400000001000000990000000000000006010300030000000100060000011a00050000000100000116011b0005000000010000011e012800030000000100020000020100040000000100000126020200040000000100000a4f0000000000000048000000010000004800000001ffd8ffe000104a46494600010201004800480000ffed000c41646f62655f434d0002ffee000e41646f626500648000000001ffdb0084000c08080809080c09090c110b0a0b11150f0c0c0f1518131315131318110c0c0c0c0c0c110c0c0c0c0c0c0c0c0c0c0c0c0c0c0c0c0c0c0c0c0c0c0c0c0c0c0c0c010d0b0b0d0e0d100e0e10140e0e0e14140e0e0e0e14110c0c0c0c0c11110c0c0c0c0c0c110c0c0c0c0c0c0c0c0c0c0c0c0c0c0c0c0c0c0c0c0c0c0c0c0c0c0c0cffc0001108007d008003012200021101031101ffdd00040008ffc4013f0000010501010101010100000000000000030001020405060708090a0b0100010501010101010100000000000000010002030405060708090a0b1000010401030204020507060805030c33010002110304211231054151611322718132061491a1b14223241552c16233347282d14307259253f0e1f163733516a2b283264493546445c2a3743617d255e265f2b384c3d375e3f3462794a485b495c4d4e4f4a5b5c5d5e5f55666768696a6b6c6d6e6f637475767778797a7b7c7d7e7f711000202010204040304050607070605350100021103213112044151617122130532819114a1b14223c152d1f0332462e1728292435315637334f1250616a2b283072635c2d2449354a317644555367465e2f2b384c3d375e3f34694a485b495c4d4e4f4a5b5c5d5e5f55666768696a6b6c6d6e6f62737475767778797a7b7c7ffda000c03010002110311003f00749249683c78dbe814924924952497c50b2726bc5ac3ec974986307248d7fcdfe52498c4c888c45ca5a0097ee4a3ee1c958f6754cc79f616d43c1a24ff009ef955ecbefb445b6b9e3921c74ff37e8a1c41b70f87e43f34a31ff9cecbb3b09a60dec9f293f8b43916bb6ab41353db601ced3247c47d25cfa4096b839a4870e1c0c1fbc21c4cd2f8742b499bf1029e89259d87d4cb88ab28893a36ed00f85bff00a516899e0f29c0db432e19e2970cc791fd19792924924962938fa43e21324391f11f95250dc3ffd074b44825f05a0f20361e414924924a4391955e3343ac6bc83a02c0089fdc719f67f6963e4e4d9936fa8ff680218c1c34787fe495cea59a49762d261a34b9c3b9ff0047fd56ff008459df1f9a6c8babc9601180c928d4e5d6ff0043fbbfa09b0b0b2b3f2ebc3c3acdb9171218d98000fa6fb1ff0099557f9ef5d31ff16dd5853b9b9d8ceba3f9a2db1ac9fddf5fdcefed7a2b6bea1745185d33f68dcc8cbea2039b3cb31c7bb1ebff00af7f48b3feb7fe8d74eabcf29ba8f474e18470dcb72f8ce6e165e0653f0f36a34645705cc3a820fd1b2b78f6db53bfd231017a8fd6dfabe3ad74e26968fda18b2fc4771bbfd2633bf917c7fdbbe9af2d6b838070e0f8883f30a484f8878b1648701f03b2ff00c56bf4bc875b49a5e65d4c6d3dcb0e8dff00b6dded590ad74c716e756070fdcc3f0209ff00aa6a78ddabcde313c32bfd11c63fc176524a752392391e13aa49ee32faa43e90f88fca94848723e23f2a49eaff00ffd174b54925a0f20361e41494eba73d9243c8659651632a25b639a43083067c27f95f4524800902e813567a38f998e31ef35fa82d746e718820bbf35ffca46e8bd30f56ead8bd3cff003573e6f3c452cfd25faff2d8df4bfeb8a947911cc83ccf795d1fd40207d6400fe7635c07c7f46545234091d9e83144fa2323c5b032aae27d2b41c0000d001c01e092492a8de57e55e67f5e3a47eceeb2726a6c637529b5b1c36e1fd2abfedfb721bff196af4c599f58fa337ad749bb0a436f116e2bcfe6dccfe6e7f9167f336ffc1d89f8e5c32be9d566487146baee1f254e0c1041da4190e2620f8eefcd48b5ed7399630d7656e2cb2b708731edd1f5bc7e6bd88b898f7df70f461be990e363b56b7c370fcefea2b2d29c84624c8d003aba7d3aa7578e4b9c5ceb5e6c2e20eb2009f7fbddfd656bba61ba3deedeeeee20024ff55a9d48e164999ce533bc8de8a4edfa43e213271c8f97e54968dc3fffd27092412eeb41e406c3e8ae131983b402eec0e827f94427e52d12538993566bef7db6d0e6b9e6486b496e9e0e6eedcb4fea55adabeb4e06e3a5bead7f1dd5bf6ffd26ab1d88248041063cf458d43f27a4751c6ca2c26cc4b5b6b00d058d69f7b58eff0085ab7b13271d0f8bafc97342678481130e1e188eb10fb1a4858b958f998d565e2bc598f7b43ea78eed3ff52e6fd17b515527614924b0feb9757774be8769a9e5995967ecd8e5a61c0bc7e9ad6fe737d1a37bf7fefec440b200ea8268127a387fe3269c1659856b58c6f51b5cef55cd8deea1ad86fad1f4b6dbb3d2758b03a408c571fdeb0c1f8068596d0d7dc0daf74d8e01f699b1ff0013277dab7eaa9b456daabfa2cd3cc9fce71feb395bc71a157b38df13cc0c446a8cc83fe0c5924924a4729493791f109689c7d21f11f95250e8ff00ffd37492ec9d683c80d8790592492494af34ce6b5ec2c780e61e5ae123ee29dbef3b5bee3e0d049ffa2ac57d3ba85a6198d6eba025bb47df66c4ac263191f9413e41b9f54efb7073461e3cfd8ef2e7d943892d6100b9f6d13fcdff002d9fcdd8bb46d8c7896b87c0e847c8ae6fa2747bf0ee764e56d161616575b4ee23716973dee1edfcddbb56baa798c4cbd3dba3d1fc3e39a383f5dc5c4644813f9a30e8de758c6eae701f392bcf7eb5536f51eb96bafbdeda71e2ac7a3688636039ee619dbbb21dfa47d8ef7fe67e62ed2162f5ae8b93959272f176bdce6b5b6544ed74b46ddec27d8edcd4b098897abb2b9f19ce1bc17c408e2111c47835798a3131f1ccd4cf7ffa43abbfcefcdfeca379ab1674dea359dafc5b411e0dddf8d7b901c0b0ed782c77838169fb9d0ad823a3cf4c64b272717175e3bbff009cb274c9774562938e47c47e54bba43e90f88fca9246efffd474b44925a0f1e3a790674d36df6b69a5a5f63cc35bfdff00bad6adec4e87894b43b22326df39158fea33dbbffad628f41c56d78aec923f499121a7c2b698ff00c11fee5a6a3948ec1d3e579588809cc714a5a8bfd10a60158db580c6feeb4068ff00a291d79d524935b9e49eb7ee10791cf9a92ae096904721586b83848e0a832468d8d8b730e4e2147e61f885267bf6367927809c90049e02aee717ba4fc87804a10e23aecacb938069f31dbf8ab71999d545e1b6376dad1634fe6bc070ff00a49d253b4cebbeae5e6f41a6c05f85fa1b7fd113fa377934bbf9977fe06b09cd735c58f05af692d734f208e5a5762b1feb062b62bcd608248aeef3d3f42fff00d169f196b45a3cdf2d1e13920288f980d88fde717cd38fa43e23f2a64e3e90f88fca9ee78dc3ffd574ce30d27c0274ed1b9ec69e0b9a0fcc85a0f2005d0ef4f5f4d429a6aa471531acff003429277fd23f14ca177aab41d3452492492949daf2d323e63c53248116904836193de5e75f9051492440ad028924d9d54924924852afd42af570326bee6b2e1f167e947fd42b0946e05a7f3811f78491217123b823ed78d0675f1d7ef4e3e90f88fcaa2c07681e01487d21f11f954ce10e8fffd6744c7139348f1b19ff005410d1317fa551ff0018cffaa0b40f57918ef1fa3d7bbe93be27f2a64eefa47e27f2a650bbc772a4924924292492494a4924925292492494a4ede53276fd20925e2dbc47c7f2a71f487c42438fbff2a76f23e214ce00dc3fffd9ffed102a50686f746f73686f7020332e30003842494d0425000000000010000000000000000000000000000000003842494d03ed000000000010004800000001000100480000000100013842494d042600000000000e000000000000000000003f8000003842494d040d0000000000040000001e3842494d04190000000000040000001e3842494d03f3000000000009000000000000000001003842494d040a00000000000100003842494d271000000000000a000100000000000000013842494d03f5000000000048002f66660001006c66660006000000000001002f6666000100a1999a0006000000000001003200000001005a00000006000000000001003500000001002d000000060000000000013842494d03f80000000000700000ffffffffffffffffffffffffffffffffffffffffffff03e800000000ffffffffffffffffffffffffffffffffffffffffffff03e800000000ffffffffffffffffffffffffffffffffffffffffffff03e800000000ffffffffffffffffffffffffffffffffffffffffffff03e800003842494d0408000000000010000000010000024000000240000000003842494d041e000000000004000000003842494d041a000000000359000000060000000000000000000000990000009d000000120069006c006c00750073007400720061007400650064002d00700065006f0070006c006500000001000000000000000000000000000000000000000100000000000000000000009d0000009900000000000000000000000000000000010000000000000000000000000000000000000010000000010000000000006e756c6c0000000200000006626f756e64734f626a6300000001000000000000526374310000000400000000546f70206c6f6e6700000000000000004c6566746c6f6e67000000000000000042746f6d6c6f6e670000009900000000526768746c6f6e670000009d00000006736c69636573566c4c73000000014f626a6300000001000000000005736c6963650000001200000007736c69636549446c6f6e67000000000000000767726f757049446c6f6e6700000000000000066f726967696e656e756d0000000c45536c6963654f726967696e0000000d6175746f47656e6572617465640000000054797065656e756d0000000a45536c6963655479706500000000496d672000000006626f756e64734f626a6300000001000000000000526374310000000400000000546f70206c6f6e6700000000000000004c6566746c6f6e67000000000000000042746f6d6c6f6e670000009900000000526768746c6f6e670000009d0000000375726c54455854000000010000000000006e756c6c54455854000000010000000000004d7367655445585400000001000000000006616c74546167544558540000000100000000000e63656c6c54657874497348544d4c626f6f6c010000000863656c6c546578745445585400000001000000000009686f727a416c69676e656e756d0000000f45536c696365486f727a416c69676e0000000764656661756c740000000976657274416c69676e656e756d0000000f45536c69636556657274416c69676e0000000764656661756c740000000b6267436f6c6f7254797065656e756d0000001145536c6963654247436f6c6f7254797065000000004e6f6e6500000009746f704f75747365746c6f6e67000000000000000a6c6566744f75747365746c6f6e67000000000000000c626f74746f6d4f75747365746c6f6e67000000000000000b72696768744f75747365746c6f6e6700000000003842494d041100000000000101003842494d0414000000000004000000013842494d040c000000000a6b00000001000000800000007d000001800000bb8000000a4f00180001ffd8ffe000104a46494600010201004800480000ffed000c41646f62655f434d0002ffee000e41646f626500648000000001ffdb0084000c08080809080c09090c110b0a0b11150f0c0c0f1518131315131318110c0c0c0c0c0c110c0c0c0c0c0c0c0c0c0c0c0c0c0c0c0c0c0c0c0c0c0c0c0c0c0c0c0c010d0b0b0d0e0d100e0e10140e0e0e14140e0e0e0e14110c0c0c0c0c11110c0c0c0c0c0c110c0c0c0c0c0c0c0c0c0c0c0c0c0c0c0c0c0c0c0c0c0c0c0c0c0c0c0cffc0001108007d008003012200021101031101ffdd00040008ffc4013f0000010501010101010100000000000000030001020405060708090a0b0100010501010101010100000000000000010002030405060708090a0b1000010401030204020507060805030c33010002110304211231054151611322718132061491a1b14223241552c16233347282d14307259253f0e1f163733516a2b283264493546445c2a3743617d255e265f2b384c3d375e3f3462794a485b495c4d4e4f4a5b5c5d5e5f55666768696a6b6c6d6e6f637475767778797a7b7c7d7e7f711000202010204040304050607070605350100021103213112044151617122130532819114a1b14223c152d1f0332462e1728292435315637334f1250616a2b283072635c2d2449354a317644555367465e2f2b384c3d375e3f34694a485b495c4d4e4f4a5b5c5d5e5f55666768696a6b6c6d6e6f62737475767778797a7b7c7ffda000c03010002110311003f00749249683c78dbe814924924952497c50b2726bc5ac3ec974986307248d7fcdfe52498c4c888c45ca5a0097ee4a3ee1c958f6754cc79f616d43c1a24ff009ef955ecbefb445b6b9e3921c74ff37e8a1c41b70f87e43f34a31ff9cecbb3b09a60dec9f293f8b43916bb6ab41353db601ced3247c47d25cfa4096b839a4870e1c0c1fbc21c4cd2f8742b499bf1029e89259d87d4cb88ab28893a36ed00f85bff00a516899e0f29c0db432e19e2970cc791fd19792924924962938fa43e21324391f11f95250dc3ffd074b44825f05a0f20361e414924924a4391955e3343ac6bc83a02c0089fdc719f67f6963e4e4d9936fa8ff680218c1c34787fe495cea59a49762d261a34b9c3b9ff0047fd56ff008459df1f9a6c8babc9601180c928d4e5d6ff0043fbbfa09b0b0b2b3f2ebc3c3acdb9171218d98000fa6fb1ff0099557f9ef5d31ff16dd5853b9b9d8ceba3f9a2db1ac9fddf5fdcefed7a2b6bea1745185d33f68dcc8cbea2039b3cb31c7bb1ebff00af7f48b3feb7fe8d74eabcf29ba8f474e18470dcb72f8ce6e165e0653f0f36a34645705cc3a820fd1b2b78f6db53bfd231017a8fd6dfabe3ad74e26968fda18b2fc4771bbfd2633bf917c7fdbbe9af2d6b838070e0f8883f30a484f8878b1648701f03b2ff00c56bf4bc875b49a5e65d4c6d3dcb0e8dff00b6dded590ad74c716e756070fdcc3f0209ff00aa6a78ddabcde313c32bfd11c63fc176524a752392391e13aa49ee32faa43e90f88fca94848723e23f2a49eaff00ffd174b54925a0f20361e41494eba73d9243c8659651632a25b639a43083067c27f95f4524800902e813567a38f998e31ef35fa82d746e718820bbf35ffca46e8bd30f56ead8bd3cff003573e6f3c452cfd25faff2d8df4bfeb8a947911cc83ccf795d1fd40207d6400fe7635c07c7f46545234091d9e83144fa2323c5b032aae27d2b41c0000d001c01e092492a8de57e55e67f5e3a47eceeb2726a6c637529b5b1c36e1fd2abfedfb721bff196af4c599f58fa337ad749bb0a436f116e2bcfe6dccfe6e7f9167f336ffc1d89f8e5c32be9d566487146baee1f254e0c1041da4190e2620f8eefcd48b5ed7399630d7656e2cb2b708731edd1f5bc7e6bd88b898f7df70f461be990e363b56b7c370fcefea2b2d29c84624c8d003aba7d3aa7578e4b9c5ceb5e6c2e20eb2009f7fbddfd656bba61ba3deedeeeee20024ff55a9d48e164999ce533bc8de8a4edfa43e213271c8f97e54968dc3fffd27092412eeb41e406c3e8ae131983b402eec0e827f94427e52d12538993566bef7db6d0e6b9e6486b496e9e0e6eedcb4fea55adabeb4e06e3a5bead7f1dd5bf6ffd26ab1d88248041063cf458d43f27a4751c6ca2c26cc4b5b6b00d058d69f7b58eff0085ab7b13271d0f8bafc97342678481130e1e188eb10fb1a4858b958f998d565e2bc598f7b43ea78eed3ff52e6fd17b515527614924b0feb9757774be8769a9e5995967ecd8e5a61c0bc7e9ad6fe737d1a37bf7fefec440b200ea8268127a387fe3269c1659856b58c6f51b5cef55cd8deea1ad86fad1f4b6dbb3d2758b03a408c571fdeb0c1f8068596d0d7dc0daf74d8e01f699b1ff0013277dab7eaa9b456daabfa2cd3cc9fce71feb395bc71a157b38df13cc0c446a8cc83fe0c5924924a4729493791f109689c7d21f11f95250e8ff00ffd37492ec9d683c80d8790592492494af34ce6b5ec2c780e61e5ae123ee29dbef3b5bee3e0d049ffa2ac57d3ba85a6198d6eba025bb47df66c4ac263191f9413e41b9f54efb7073461e3cfd8ef2e7d943892d6100b9f6d13fcdff002d9fcdd8bb46d8c7896b87c0e847c8ae6fa2747bf0ee764e56d161616575b4ee23716973dee1edfcddbb56baa798c4cbd3dba3d1fc3e39a383f5dc5c4644813f9a30e8de758c6eae701f392bcf7eb5536f51eb96bafbdeda71e2ac7a3688636039ee619dbbb21dfa47d8ef7fe67e62ed2162f5ae8b93959272f176bdce6b5b6544ed74b46ddec27d8edcd4b098897abb2b9f19ce1bc17c408e2111c47835798a3131f1ccd4cf7ffa43abbfcefcdfeca379ab1674dea359dafc5b411e0dddf8d7b901c0b0ed782c77838169fb9d0ad823a3cf4c64b272717175e3bbff009cb274c9774562938e47c47e54bba43e90f88fca9246efffd474b44925a0f1e3a790674d36df6b69a5a5f63cc35bfdff00bad6adec4e87894b43b22326df39158fea33dbbffad628f41c56d78aec923f499121a7c2b698ff00c11fee5a6a3948ec1d3e579588809cc714a5a8bfd10a60158db580c6feeb4068ff00a291d79d524935b9e49eb7ee10791cf9a92ae096904721586b83848e0a832468d8d8b730e4e2147e61f885267bf6367927809c90049e02aee717ba4fc87804a10e23aecacb938069f31dbf8ab71999d545e1b6376dad1634fe6bc070ff00a49d253b4cebbeae5e6f41a6c05f85fa1b7fd113fa377934bbf9977fe06b09cd735c58f05af692d734f208e5a5762b1feb062b62bcd608248aeef3d3f42fff00d169f196b45a3cdf2d1e13920288f980d88fde717cd38fa43e23f2a64e3e90f88fca9ee78dc3ffd574ce30d27c0274ed1b9ec69e0b9a0fcc85a0f2005d0ef4f5f4d429a6aa471531acff003429277fd23f14ca177aab41d3452492492949daf2d323e63c53248116904836193de5e75f9051492440ad028924d9d54924924852afd42af570326bee6b2e1f167e947fd42b0946e05a7f3811f78491217123b823ed78d0675f1d7ef4e3e90f88fcaa2c07681e01487d21f11f954ce10e8fffd6744c7139348f1b19ff005410d1317fa551ff0018cffaa0b40f57918ef1fa3d7bbe93be27f2a64eefa47e27f2a650bbc772a4924924292492494a4924925292492494a4ede53276fd20925e2dbc47c7f2a71f487c42438fbff2a76f23e214ce00dc3fffd9003842494d042100000000005500000001010000000f00410064006f00620065002000500068006f0074006f00730068006f00700000001300410064006f00620065002000500068006f0074006f00730068006f007000200037002e003000000001003842494d04060000000000070001000000010100ffe11248687474703a2f2f6e732e61646f62652e636f6d2f7861702f312e302f003c3f787061636b657420626567696e3d27efbbbf272069643d2757354d304d7043656869487a7265537a4e54637a6b633964273f3e0a3c3f61646f62652d7861702d66696c74657273206573633d224352223f3e0a3c783a7861706d65746120786d6c6e733a783d2761646f62653a6e733a6d6574612f2720783a786170746b3d27584d5020746f6f6c6b697420322e382e322d33332c206672616d65776f726b20312e35273e0a3c7264663a52444620786d6c6e733a7264663d27687474703a2f2f7777772e77332e6f72672f313939392f30322f32322d7264662d73796e7461782d6e73232720786d6c6e733a69583d27687474703a2f2f6e732e61646f62652e636f6d2f69582f312e302f273e0a0a203c7264663a4465736372697074696f6e2061626f75743d27757569643a35356466633364612d663537622d313165382d623035622d383763346331353864653765270a2020786d6c6e733a7861704d4d3d27687474703a2f2f6e732e61646f62652e636f6d2f7861702f312e302f6d6d2f273e0a20203c7861704d4d3a446f63756d656e7449443e61646f62653a646f6369643a70686f746f73686f703a35356466633364382d663537622d313165382d623035622d3837633463313538646537653c2f7861704d4d3a446f63756d656e7449443e0a203c2f7264663a4465736372697074696f6e3e0a0a3c2f7264663a5244463e0a3c2f783a7861706d6574613e0a202020202020202020202020202020202020202020202020202020202020202020202020202020202020202020202020202020202020202020202020202020202020202020202020202020202020202020202020202020202020202020202020202020200a202020202020202020202020202020202020202020202020202020202020202020202020202020202020202020202020202020202020202020202020202020202020202020202020202020202020202020202020202020202020202020202020202020200a202020202020202020202020202020202020202020202020202020202020202020202020202020202020202020202020202020202020202020202020202020202020202020202020202020202020202020202020202020202020202020202020202020200a202020202020202020202020202020202020202020202020202020202020202020202020202020202020202020202020202020202020202020202020202020202020202020202020202020202020202020202020202020202020202020202020202020200a202020202020202020202020202020202020202020202020202020202020202020202020202020202020202020202020202020202020202020202020202020202020202020202020202020202020202020202020202020202020202020202020202020200a202020202020202020202020202020202020202020202020202020202020202020202020202020202020202020202020202020202020202020202020202020202020202020202020202020202020202020202020202020202020202020202020202020200a202020202020202020202020202020202020202020202020202020202020202020202020202020202020202020202020202020202020202020202020202020202020202020202020202020202020202020202020202020202020202020202020202020200a202020202020202020202020202020202020202020202020202020202020202020202020202020202020202020202020202020202020202020202020202020202020202020202020202020202020202020202020202020202020202020202020202020200a202020202020202020202020202020202020202020202020202020202020202020202020202020202020202020202020202020202020202020202020202020202020202020202020202020202020202020202020202020202020202020202020202020200a202020202020202020202020202020202020202020202020202020202020202020202020202020202020202020202020202020202020202020202020202020202020202020202020202020202020202020202020202020202020202020202020202020200a202020202020202020202020202020202020202020202020202020202020202020202020202020202020202020202020202020202020202020202020202020202020202020202020202020202020202020202020202020202020202020202020202020200a202020202020202020202020202020202020202020202020202020202020202020202020202020202020202020202020202020202020202020202020202020202020202020202020202020202020202020202020202020202020202020202020202020200a202020202020202020202020202020202020202020202020202020202020202020202020202020202020202020202020202020202020202020202020202020202020202020202020202020202020202020202020202020202020202020202020202020200a202020202020202020202020202020202020202020202020202020202020202020202020202020202020202020202020202020202020202020202020202020202020202020202020202020202020202020202020202020202020202020202020202020200a202020202020202020202020202020202020202020202020202020202020202020202020202020202020202020202020202020202020202020202020202020202020202020202020202020202020202020202020202020202020202020202020202020200a202020202020202020202020202020202020202020202020202020202020202020202020202020202020202020202020202020202020202020202020202020202020202020202020202020202020202020202020202020202020202020202020202020200a202020202020202020202020202020202020202020202020202020202020202020202020202020202020202020202020202020202020202020202020202020202020202020202020202020202020202020202020202020202020202020202020202020200a202020202020202020202020202020202020202020202020202020202020202020202020202020202020202020202020202020202020202020202020202020202020202020202020202020202020202020202020202020202020202020202020202020200a202020202020202020202020202020202020202020202020202020202020202020202020202020202020202020202020202020202020202020202020202020202020202020202020202020202020202020202020202020202020202020202020202020200a202020202020202020202020202020202020202020202020202020202020202020202020202020202020202020202020202020202020202020202020202020202020202020202020202020202020202020202020202020202020202020202020202020200a202020202020202020202020202020202020202020202020202020202020202020202020202020202020202020202020202020202020202020202020202020202020202020202020202020202020202020202020202020202020202020202020202020200a202020202020202020202020202020202020202020202020202020202020202020202020202020202020202020202020202020202020202020202020202020202020202020202020202020202020202020202020202020202020202020202020202020200a202020202020202020202020202020202020202020202020202020202020202020202020202020202020202020202020202020202020202020202020202020202020202020202020202020202020202020202020202020202020202020202020202020200a202020202020202020202020202020202020202020202020202020202020202020202020202020202020202020202020202020202020202020202020202020202020202020202020202020202020202020202020202020202020202020202020202020200a202020202020202020202020202020202020202020202020202020202020202020202020202020202020202020202020202020202020202020202020202020202020202020202020202020202020202020202020202020202020202020202020202020200a202020202020202020202020202020202020202020202020202020202020202020202020202020202020202020202020202020202020202020202020202020202020202020202020202020202020202020202020202020202020202020202020202020200a202020202020202020202020202020202020202020202020202020202020202020202020202020202020202020202020202020202020202020202020202020202020202020202020202020202020202020202020202020202020202020202020202020200a202020202020202020202020202020202020202020202020202020202020202020202020202020202020202020202020202020202020202020202020202020202020202020202020202020202020202020202020202020202020202020202020202020200a202020202020202020202020202020202020202020202020202020202020202020202020202020202020202020202020202020202020202020202020202020202020202020202020202020202020202020202020202020202020202020202020202020200a202020202020202020202020202020202020202020202020202020202020202020202020202020202020202020202020202020202020202020202020202020202020202020202020202020202020202020202020202020202020202020202020202020200a202020202020202020202020202020202020202020202020202020202020202020202020202020202020202020202020202020202020202020202020202020202020202020202020202020202020202020202020202020202020202020202020202020200a202020202020202020202020202020202020202020202020202020202020202020202020202020202020202020202020202020202020202020202020202020202020202020202020202020202020202020202020202020202020202020202020202020200a202020202020202020202020202020202020202020202020202020202020202020202020202020202020202020202020202020202020202020202020202020202020202020202020202020202020202020202020202020202020202020202020202020200a202020202020202020202020202020202020202020202020202020202020202020202020202020202020202020202020202020202020202020202020202020202020202020202020202020202020202020202020202020202020202020202020202020200a202020202020202020202020202020202020202020202020202020202020202020202020202020202020202020202020202020202020202020202020202020202020202020202020202020202020202020202020202020202020202020202020202020200a202020202020202020202020202020202020202020202020202020202020202020202020202020202020202020202020202020202020202020202020202020202020202020202020202020202020202020202020202020202020202020202020202020200a202020202020202020202020202020202020202020202020202020202020202020202020202020202020202020202020202020202020202020202020202020202020202020202020202020202020202020202020202020202020202020202020202020200a202020202020202020202020202020202020202020202020202020202020202020202020202020202020202020202020202020202020202020202020202020202020202020202020202020202020202020202020202020202020202020202020202020200a202020202020202020202020202020202020202020202020202020202020202020202020202020202020202020202020202020202020202020202020202020202020202020202020202020202020202020202020202020202020202020202020202020200a202020202020202020202020202020202020202020202020202020202020202020202020202020202020202020202020202020202020202020202020202020202020202020202020202020202020202020202020202020202020202020202020202020200a202020202020202020202020202020202020202020202020202020202020202020202020202020202020202020202020202020202020200a3c3f787061636b657420656e643d2777273f3effee000e41646f626500648000000001ffdb0084000c08080809080c09090c110b0a0b11150f0c0c0f1518131315131318110c0c0c0c0c0c110c0c0c0c0c0c0c0c0c0c0c0c0c0c0c0c0c0c0c0c0c0c0c0c0c0c0c0c010d0b0b0d0e0d100e0e10140e0e0e14140e0e0e0e14110c0c0c0c0c11110c0c0c0c0c0c110c0c0c0c0c0c0c0c0c0c0c0c0c0c0c0c0c0c0c0c0c0c0c0c0c0c0c0cffc00011080099009d03012200021101031101ffdd0004000affc4013f0000010501010101010100000000000000030001020405060708090a0b0100010501010101010100000000000000010002030405060708090a0b1000010401030204020507060805030c33010002110304211231054151611322718132061491a1b14223241552c16233347282d14307259253f0e1f163733516a2b283264493546445c2a3743617d255e265f2b384c3d375e3f3462794a485b495c4d4e4f4a5b5c5d5e5f55666768696a6b6c6d6e6f637475767778797a7b7c7d7e7f711000202010204040304050607070605350100021103213112044151617122130532819114a1b14223c152d1f0332462e1728292435315637334f1250616a2b283072635c2d2449354a317644555367465e2f2b384c3d375e3f34694a485b495c4d4e4f4a5b5c5d5e5f55666768696a6b6c6d6e6f62737475767778797a7b7c7ffda000c03010002110311003f00749249683c78d8292492492a49249252924902fcec7a096b9db9c396b75292e8c253351167c13a4b35fd60ff0083abe6e3fdcabddd4326e1b67637b86e93f343883621c8e62750223c5d92e68d0900fc53fe45ce1d4c9d4f9a2577dd519ade5be5dbfcd438994fc38d693d7c43be92a18bd4daf2197c31c7878fa27e3fbaafa75db4f2629e335315f9152492492c52492492949fb1f88fe2993f63f10914c77fa1ff00a2ff00ffd0749249683c78d8292492492a49255f30deda8d94d82bda3dc1d1047969ed724ba11e2908dd5e9ab0ea19629a8b187f4afd04761fbcb1d3b9ce738b9c4b9c79253790124f0072984dbb3cbe01861c23527e62a94810782bd13eadfd4cc2c5c5664753a5b9199600e35d9ee6d60fe66cfa2e7fefad4cdfaafd0736b2cb30ebaddf9b6543d370f83abdbff494473441a6d8c1222df27496a7d60e8391d1333d1b0fa98f649c7ba23701cb5dff000ac598a404116188820d1595fe9d9a5ae145a7d874638f63fbbfd5541244163cb8a3922632fb7f75e8d241c4bbd7c76587e9443be21193dc3944c64627789a2a4924924293f63f2fe2993f63f2fe2814c77fa1fc9fffd1749249683c78d8292492492a58f9f966fb0b1bfcd30e9e647e72d77025a403048201587978ff0066b7d3ddbf499e0fcd09373908c0e424fcc07a07fd29215d2fd45e8e33baa1ccb9b38f850e00f0eb4ff34dff00adff0038b9a3c2f57faafd2c74ce8b8f43845d60f56f3df7bfddb7fb0ddac50e59547cdd9c31e297807592492559b4e7f5de915757e9b661d901e7dd4bcfe6d83e83ff00f24bc96daaca6d7d36b4b2da9c58f61e439a61c17b52e03fc60f48f472ebeab4b7f4793fa3bfcac03d8fff00ae33fea14b865af0f761cf0b1c5db7791492494ed674fa43bf456b49e1c0c7911cabec7b5ed0f69969e0ae7d8c2f300868ee4985bb8f5fa74575cced112744f05cbe7b1463233bf54cfcbfe0ea91249245a6a4fd8fcbf8a64fd8fcbf8a0531dfe87f27ffd2749249683c78d8292492492d7cfb2eaf18bea3b482371f22b1492e324c93c93cae81fb3691646c3a1dda0d560dc2b16bc5466b07da7c9364e97c3e438651e1d41be2f3fd1658a01caa41e0d8c07e1b82f68313a2f1463b63daff00dd20fdc657b4d6edf5b5ff00bcd07ef0abe7fd1fabadcbfe97d1924924a16752abd57a753d4fa7df8377d1b9a435dfbaf1ad760fea3d5a4920adf47c5f271aec4c8b316f6edba97163c798425e93f5a7ea9d3d543b3b1dde8e6b19a9225b6068d1b67f2dadfa362f361ac79ab509890fcda738181d76e8dbe9c2cf58b9950b23f39da06f9cad851aea654c15b0435bd9494a05385cc66f767c4050d8292492458549fb1f88fe2993f63f11fc50298eff0043f93fffd3749249683c78d8292492492b3d8cb1a58f01cd3c82a93ba4e393ed7b9be5a157924a97c32e4c77c1231b79db0417346b04812bd7fa2de323a4615e0eedf43093e61a1aeffa417986674d7b9eeb68121dab99de7f92ba6fa87d79ac69e8996763da4bb14bb4993b9f47f9def628334491e4ef729cc427441dc6be127b649249566f29249657d65eaece93d26ebc380c8b01af1dbe2f708ddff5bfe71102cd209a049e8e3f5dfaf585533230f058fb7206ea8dae01b5b4fd0739bf9d62e1312a36e456c1a8904fc0217c4c93c9f12b63a6d4e6524beb0c71e1df9ce1fca56a100340e6f39cc18e332ebf2c47f7bab6d249252b86a4924925293f63f2fe2993f63f2fe2814c77fa1fc9ffd4749249683c78d8292492492a49249252945f5576417b65cd32d77704770efa4a523847c7c1cbc97014d4e74fe74437e6e291206eba0264fa0132feabd7742cdbede9f5bb29db9c490d7f72d0768deb5039a75041f9accc5a063e2d5473e9b4349f13f9dff49155091b248eef55862638a1191b908c44bfbd5ab75d631bc91f0e5709f5ba819dd5b75ce7b59531a2b603220fb9ce688f6eefce5d72c5fac1d372321f5e4d0cf536b76d8d1ce87dae8fce4fc2409ead7f880c9ec138af8a241f4feef5798a7131e9d58c1b87e71d4fe28c9dec7b0c3da5a4767084c15c79d9999373b27faca4924925aa4924925293f63f2fe2993f63f11fc50298eff43f93ffd5749249683c78d8293b5ae7b83180b9ce30d0352532e97a674e6e2541ef1390f12e3fbbfc86a04d33e0c072ca86807cc5a18dd02c700ec97fa60fe637577f69df455faba3f4faf9abd43e2f24fe0aea4a33225d2872d8a1b441f13aa3663e3d7fcdd4c6fc1a02b34bff0034fc90924d90e214d8c678240801b2928b1fb84f71ca92ae411a16f0208b1b15274c876be06d1c9e5288b34a948445963716d9ed2039a3c44aad66161d83df4567fb207e44649580285073e75324c8037e0e6dfd0711e3f445d4bbb7e737ee72c8cce9f91867f48258741637e8ff00e62ba94cf631ed2c780e6b8439a78213c48b5b2f278e60f08e09770f1c92b7d4b00e1df0d93559ad64fe2cfecaa8a41ab97381848c65a10a4fd8fc47f14c9fb1f88fe2815477fa1fc9ffd6749249683c78d8377a3d02fce66ed5b5fe90fcbe8ffd25d2ac6fabacd6fb3faac1f8b96ca8e7bbadc946b083fbc49ffb90a4924935b2a49249252ed76d33f7a3820891c2ae9c388e0c264e1c5e6cb8f2986875099f66d103940f8a492318888464c8667c06c1492492731a92492494d3ead8febe0bf4f757ef6fcbe97fd15ccaec880e05a787083f03a2e39cdd8e730fe6923ee4f81dc39ff10854a13fde0627fc1d964fd8fcbf8a64fd8fc47f14e2d28eff0043f93fffd7749249683c78e8ef7d5f118b61f1b3f200b516774111824f8d8efc8d5a2a296e5dae58561c7fdd524924832a92492494a4924925292492494a4924925292492494a5ca66b76e65edf0b1df95756b96ea3fd3effeb94e86ed3f887f370fef7fdcb593f63f11fc5327ec7e5fc53cb9d1dfe87f27ffd07492092d02f203a3d1742fe803faee5a0b3fa17f40fedb96828a5b9f376b97fe671ff74292492419149274c9294924924a5249249294924924a5249249254b96ea5fd3effebaea572fd4ff00a7dffd729d0dda5cff00f371fef7fdcb553f63f2fe2992fcd3f2fe29e5ce8eff0043f93fffd9, 18, 0, 3157894789, '2023-03-11', 'marina@gmail.com', '2023-03-19', '$2y$10$/.JJkQzIjGbRMyIGLQpZEOx/ffxrBfLheVkjGByVEYH6tOWCXPI1m', '$2y$10$I/1w1gBXjz6/G34akLs/au95Xu0tOFRBWbg5Vk8ZDmz4OfHxtMqkG', '$2y$10$iA6XcE5k/vyheX29Zc4zlOXUapkXCIVxUVpVm8dceMFwwWaY82jAm');

--
-- Índices para tablas volcadas
--

--
-- Indices de la tabla `chat`
--
ALTER TABLE `chat`
  ADD PRIMARY KEY (`chatid`);

--
-- Indices de la tabla `chat_login_details`
--
ALTER TABLE `chat_login_details`
  ADD PRIMARY KEY (`id`);

--
-- Indices de la tabla `chat_users`
--
ALTER TABLE `chat_users`
  ADD PRIMARY KEY (`userid`) USING BTREE;

--
-- AUTO_INCREMENT de las tablas volcadas
--

--
-- AUTO_INCREMENT de la tabla `chat`
--
ALTER TABLE `chat`
  MODIFY `chatid` int(11) NOT NULL AUTO_INCREMENT, AUTO_INCREMENT=20;

--
-- AUTO_INCREMENT de la tabla `chat_login_details`
--
ALTER TABLE `chat_login_details`
  MODIFY `id` int(11) NOT NULL AUTO_INCREMENT, AUTO_INCREMENT=24;

--
-- AUTO_INCREMENT de la tabla `chat_users`
--
ALTER TABLE `chat_users`
  MODIFY `userid` int(11) NOT NULL AUTO_INCREMENT, AUTO_INCREMENT=21;
COMMIT;

/*!40101 SET CHARACTER_SET_CLIENT=@OLD_CHARACTER_SET_CLIENT */;
/*!40101 SET CHARACTER_SET_RESULTS=@OLD_CHARACTER_SET_RESULTS */;
/*!40101 SET COLLATION_CONNECTION=@OLD_COLLATION_CONNECTION */;
